path,type,line
warrenbuckley/compact-log-format-viewer/run2037-0,human,553
warrenbuckley/compact-log-format-viewer/run2037-0,human,501
warrenbuckley/compact-log-format-viewer/run2037-0,human,502
warrenbuckley/compact-log-format-viewer/run2037-0,human,503
warrenbuckley/compact-log-format-viewer/run2037-0,human,504
warrenbuckley/compact-log-format-viewer/run2037-0,human,505
warrenbuckley/compact-log-format-viewer/run2037-0,human,506
warrenbuckley/compact-log-format-viewer/run2037-0,human,507
warrenbuckley/compact-log-format-viewer/run2037-0,human,508
warrenbuckley/compact-log-format-viewer/run2037-0,human,509
warrenbuckley/compact-log-format-viewer/run2037-0,human,510
warrenbuckley/compact-log-format-viewer/run2037-0,human,511
warrenbuckley/compact-log-format-viewer/run2037-0,human,512
warrenbuckley/compact-log-format-viewer/run2037-0,human,513
warrenbuckley/compact-log-format-viewer/run2037-0,human,514
warrenbuckley/compact-log-format-viewer/run2037-0,human,515
warrenbuckley/compact-log-format-viewer/run2037-0,human,516
warrenbuckley/compact-log-format-viewer/run2037-0,human,517
warrenbuckley/compact-log-format-viewer/run2037-0,human,518
warrenbuckley/compact-log-format-viewer/run2037-0,human,519
warrenbuckley/compact-log-format-viewer/run2037-0,human,520
warrenbuckley/compact-log-format-viewer/run2037-0,human,521
warrenbuckley/compact-log-format-viewer/run2037-0,human,522
warrenbuckley/compact-log-format-viewer/run2037-0,human,523
warrenbuckley/compact-log-format-viewer/run2037-0,human,524
warrenbuckley/compact-log-format-viewer/run2037-0,human,525
warrenbuckley/compact-log-format-viewer/run2037-0,human,526
warrenbuckley/compact-log-format-viewer/run2037-0,human,527
warrenbuckley/compact-log-format-viewer/run2037-0,human,528
warrenbuckley/compact-log-format-viewer/run2037-0,human,529
warrenbuckley/compact-log-format-viewer/run2037-0,human,530
warrenbuckley/compact-log-format-viewer/run2037-0,human,531
warrenbuckley/compact-log-format-viewer/run2037-0,human,532
warrenbuckley/compact-log-format-viewer/run2037-0,human,533
warrenbuckley/compact-log-format-viewer/run2037-0,human,534
warrenbuckley/compact-log-format-viewer/run2037-0,human,535
warrenbuckley/compact-log-format-viewer/run2037-0,human,536
warrenbuckley/compact-log-format-viewer/run2037-0,human,537
warrenbuckley/compact-log-format-viewer/run2037-0,human,538
warrenbuckley/compact-log-format-viewer/run2037-0,human,539
warrenbuckley/compact-log-format-viewer/run2037-0,human,540
warrenbuckley/compact-log-format-viewer/run2037-0,human,541
warrenbuckley/compact-log-format-viewer/run2037-0,human,542
warrenbuckley/compact-log-format-viewer/run2037-0,human,543
warrenbuckley/compact-log-format-viewer/run2037-0,human,544
warrenbuckley/compact-log-format-viewer/run2037-0,human,545
warrenbuckley/compact-log-format-viewer/run2037-0,human,546
warrenbuckley/compact-log-format-viewer/run2037-0,human,547
warrenbuckley/compact-log-format-viewer/run2037-0,human,548
warrenbuckley/compact-log-format-viewer/run2037-0,human,549
warrenbuckley/compact-log-format-viewer/run2037-0,human,550
warrenbuckley/compact-log-format-viewer/run2037-0,human,551
warrenbuckley/compact-log-format-viewer/run2037-0,human,552
warrenbuckley/compact-log-format-viewer/run2037-0,human,446
warrenbuckley/compact-log-format-viewer/run2037-0,human,447
warrenbuckley/compact-log-format-viewer/run2037-0,human,448
warrenbuckley/compact-log-format-viewer/run2037-0,human,449
warrenbuckley/compact-log-format-viewer/run2037-0,human,450
warrenbuckley/compact-log-format-viewer/run2037-0,human,451
warrenbuckley/compact-log-format-viewer/run2037-0,human,452
warrenbuckley/compact-log-format-viewer/run2037-0,human,453
warrenbuckley/compact-log-format-viewer/run2037-0,human,454
warrenbuckley/compact-log-format-viewer/run2037-0,human,455
warrenbuckley/compact-log-format-viewer/run2037-0,human,456
warrenbuckley/compact-log-format-viewer/run2037-0,human,457
warrenbuckley/compact-log-format-viewer/run2037-0,human,458
warrenbuckley/compact-log-format-viewer/run2037-0,human,459
warrenbuckley/compact-log-format-viewer/run2037-0,human,460
warrenbuckley/compact-log-format-viewer/run2037-0,human,461
warrenbuckley/compact-log-format-viewer/run2037-0,human,462
warrenbuckley/compact-log-format-viewer/run2037-0,human,463
warrenbuckley/compact-log-format-viewer/run2037-0,human,464
warrenbuckley/compact-log-format-viewer/run2037-0,human,465
warrenbuckley/compact-log-format-viewer/run2037-0,human,466
warrenbuckley/compact-log-format-viewer/run2037-0,human,467
warrenbuckley/compact-log-format-viewer/run2037-0,human,468
warrenbuckley/compact-log-format-viewer/run2037-0,human,469
warrenbuckley/compact-log-format-viewer/run2037-0,human,470
warrenbuckley/compact-log-format-viewer/run2037-0,human,471
warrenbuckley/compact-log-format-viewer/run2037-0,human,472
warrenbuckley/compact-log-format-viewer/run2037-0,human,473
warrenbuckley/compact-log-format-viewer/run2037-0,human,474
warrenbuckley/compact-log-format-viewer/run2037-0,human,475
warrenbuckley/compact-log-format-viewer/run2037-0,human,476
warrenbuckley/compact-log-format-viewer/run2037-0,human,477
warrenbuckley/compact-log-format-viewer/run2037-0,human,478
warrenbuckley/compact-log-format-viewer/run2037-0,human,479
warrenbuckley/compact-log-format-viewer/run2037-0,human,480
warrenbuckley/compact-log-format-viewer/run2037-0,human,481
warrenbuckley/compact-log-format-viewer/run2037-0,human,482
warrenbuckley/compact-log-format-viewer/run2037-0,human,483
warrenbuckley/compact-log-format-viewer/run2037-0,human,484
warrenbuckley/compact-log-format-viewer/run2037-0,human,485
warrenbuckley/compact-log-format-viewer/run2037-0,human,486
warrenbuckley/compact-log-format-viewer/run2037-0,human,487
warrenbuckley/compact-log-format-viewer/run2037-0,human,488
warrenbuckley/compact-log-format-viewer/run2037-0,human,489
warrenbuckley/compact-log-format-viewer/run2037-0,human,490
warrenbuckley/compact-log-format-viewer/run2037-0,human,491
warrenbuckley/compact-log-format-viewer/run2037-0,human,492
warrenbuckley/compact-log-format-viewer/run2037-0,human,493
warrenbuckley/compact-log-format-viewer/run2037-0,human,494
warrenbuckley/compact-log-format-viewer/run2037-0,human,495
warrenbuckley/compact-log-format-viewer/run2037-0,human,496
warrenbuckley/compact-log-format-viewer/run2037-0,human,497
warrenbuckley/compact-log-format-viewer/run2037-0,human,498
warrenbuckley/compact-log-format-viewer/run2037-0,human,500
lightning-universe/lightning-flash/run7995-1,human,48
lightning-universe/lightning-flash/run7995-1,human,45
fastapi-mvc/fastapi-mvc/run826-4,human,601
fastapi-mvc/fastapi-mvc/run826-4,human,600
fastapi-mvc/fastapi-mvc/run826-4,human,599
fastapi-mvc/fastapi-mvc/run826-4,human,598
fastapi-mvc/fastapi-mvc/run826-4,human,597
fastapi-mvc/fastapi-mvc/run826-4,human,596
fastapi-mvc/fastapi-mvc/run826-4,human,595
fastapi-mvc/fastapi-mvc/run826-4,human,594
fastapi-mvc/fastapi-mvc/run826-4,human,593
fastapi-mvc/fastapi-mvc/run826-4,human,592
fastapi-mvc/fastapi-mvc/run826-4,human,591
fastapi-mvc/fastapi-mvc/run826-4,human,590
fastapi-mvc/fastapi-mvc/run826-4,human,589
fastapi-mvc/fastapi-mvc/run826-4,human,588
fastapi-mvc/fastapi-mvc/run826-4,human,587
fastapi-mvc/fastapi-mvc/run826-4,human,586
fastapi-mvc/fastapi-mvc/run826-4,human,585
fastapi-mvc/fastapi-mvc/run826-4,human,584
fastapi-mvc/fastapi-mvc/run826-4,human,583
fastapi-mvc/fastapi-mvc/run826-4,human,582
fastapi-mvc/fastapi-mvc/run826-4,human,581
fastapi-mvc/fastapi-mvc/run826-4,human,580
fastapi-mvc/fastapi-mvc/run826-4,human,579
fastapi-mvc/fastapi-mvc/run826-4,human,578
fastapi-mvc/fastapi-mvc/run826-4,human,577
fastapi-mvc/fastapi-mvc/run826-4,human,576
fastapi-mvc/fastapi-mvc/run826-4,human,575
fastapi-mvc/fastapi-mvc/run826-4,human,574
fastapi-mvc/fastapi-mvc/run826-4,human,573
fastapi-mvc/fastapi-mvc/run826-4,human,572
fastapi-mvc/fastapi-mvc/run826-4,human,571
fastapi-mvc/fastapi-mvc/run826-4,human,570
fastapi-mvc/fastapi-mvc/run826-4,human,561
fastapi-mvc/fastapi-mvc/run826-4,human,560
fastapi-mvc/fastapi-mvc/run826-4,human,559
fastapi-mvc/fastapi-mvc/run826-4,human,558
fastapi-mvc/fastapi-mvc/run826-4,human,557
fastapi-mvc/fastapi-mvc/run826-4,human,556
fastapi-mvc/fastapi-mvc/run826-4,human,555
fastapi-mvc/fastapi-mvc/run826-4,human,554
fastapi-mvc/fastapi-mvc/run826-4,human,553
fastapi-mvc/fastapi-mvc/run826-4,human,552
fastapi-mvc/fastapi-mvc/run826-4,human,551
fastapi-mvc/fastapi-mvc/run826-4,human,550
fastapi-mvc/fastapi-mvc/run826-4,human,549
fastapi-mvc/fastapi-mvc/run826-4,human,548
fastapi-mvc/fastapi-mvc/run826-4,human,547
fastapi-mvc/fastapi-mvc/run826-4,human,546
fastapi-mvc/fastapi-mvc/run826-4,human,545
fastapi-mvc/fastapi-mvc/run826-4,human,526
fastapi-mvc/fastapi-mvc/run826-4,human,527
fastapi-mvc/fastapi-mvc/run826-4,human,528
fastapi-mvc/fastapi-mvc/run826-4,human,529
fastapi-mvc/fastapi-mvc/run826-4,human,530
fastapi-mvc/fastapi-mvc/run826-4,human,531
fastapi-mvc/fastapi-mvc/run826-4,human,532
fastapi-mvc/fastapi-mvc/run826-4,human,533
fastapi-mvc/fastapi-mvc/run826-4,human,534
fastapi-mvc/fastapi-mvc/run826-4,human,535
fastapi-mvc/fastapi-mvc/run826-4,human,536
fastapi-mvc/fastapi-mvc/run826-4,human,537
fastapi-mvc/fastapi-mvc/run826-4,human,538
fastapi-mvc/fastapi-mvc/run826-4,human,539
fastapi-mvc/fastapi-mvc/run826-4,human,540
fastapi-mvc/fastapi-mvc/run826-4,human,541
fastapi-mvc/fastapi-mvc/run826-4,human,542
fastapi-mvc/fastapi-mvc/run826-4,human,543
fastapi-mvc/fastapi-mvc/run826-4,human,544
fastapi-mvc/fastapi-mvc/run826-4,human,525
fastapi-mvc/fastapi-mvc/run826-4,human,524
fastapi-mvc/fastapi-mvc/run826-4,human,523
fastapi-mvc/fastapi-mvc/run826-4,human,522
fastapi-mvc/fastapi-mvc/run826-4,human,521
fastapi-mvc/fastapi-mvc/run826-4,human,520
fastapi-mvc/fastapi-mvc/run826-4,human,519
fastapi-mvc/fastapi-mvc/run826-4,human,518
fastapi-mvc/fastapi-mvc/run826-4,human,517
fastapi-mvc/fastapi-mvc/run826-4,human,516
fastapi-mvc/fastapi-mvc/run826-4,human,515
fastapi-mvc/fastapi-mvc/run826-4,human,514
fastapi-mvc/fastapi-mvc/run826-4,human,513
fastapi-mvc/fastapi-mvc/run826-4,human,512
fastapi-mvc/fastapi-mvc/run826-4,human,511
fastapi-mvc/fastapi-mvc/run826-4,human,475
fastapi-mvc/fastapi-mvc/run826-4,human,476
fastapi-mvc/fastapi-mvc/run826-4,human,477
fastapi-mvc/fastapi-mvc/run826-4,human,478
fastapi-mvc/fastapi-mvc/run826-4,human,479
fastapi-mvc/fastapi-mvc/run826-4,human,480
fastapi-mvc/fastapi-mvc/run826-4,human,481
fastapi-mvc/fastapi-mvc/run826-4,human,482
fastapi-mvc/fastapi-mvc/run826-4,human,483
fastapi-mvc/fastapi-mvc/run826-4,human,484
fastapi-mvc/fastapi-mvc/run826-4,human,485
fastapi-mvc/fastapi-mvc/run826-4,human,486
fastapi-mvc/fastapi-mvc/run826-4,human,487
fastapi-mvc/fastapi-mvc/run826-4,human,488
fastapi-mvc/fastapi-mvc/run826-4,human,489
fastapi-mvc/fastapi-mvc/run826-4,human,490
fastapi-mvc/fastapi-mvc/run826-4,human,491
fastapi-mvc/fastapi-mvc/run826-4,human,492
fastapi-mvc/fastapi-mvc/run826-4,human,493
fastapi-mvc/fastapi-mvc/run826-4,human,494
fastapi-mvc/fastapi-mvc/run826-4,human,495
fastapi-mvc/fastapi-mvc/run826-4,human,496
fastapi-mvc/fastapi-mvc/run826-4,human,497
fastapi-mvc/fastapi-mvc/run826-4,human,498
fastapi-mvc/fastapi-mvc/run826-4,human,499
fastapi-mvc/fastapi-mvc/run826-4,human,500
fastapi-mvc/fastapi-mvc/run826-4,human,501
fastapi-mvc/fastapi-mvc/run826-4,human,502
fastapi-mvc/fastapi-mvc/run826-4,human,503
fastapi-mvc/fastapi-mvc/run826-4,human,504
fastapi-mvc/fastapi-mvc/run826-4,human,505
fastapi-mvc/fastapi-mvc/run826-4,human,506
fastapi-mvc/fastapi-mvc/run826-4,human,507
fastapi-mvc/fastapi-mvc/run826-4,human,508
fastapi-mvc/fastapi-mvc/run826-4,human,509
fastapi-mvc/fastapi-mvc/run826-4,human,510
fastapi-mvc/fastapi-mvc/run826-4,human,474
fastapi-mvc/fastapi-mvc/run826-4,human,473
fastapi-mvc/fastapi-mvc/run826-4,human,472
fastapi-mvc/fastapi-mvc/run826-4,human,471
fastapi-mvc/fastapi-mvc/run826-4,human,470
fastapi-mvc/fastapi-mvc/run826-4,human,469
fastapi-mvc/fastapi-mvc/run826-4,human,468
fastapi-mvc/fastapi-mvc/run826-4,human,467
fastapi-mvc/fastapi-mvc/run826-4,human,466
fastapi-mvc/fastapi-mvc/run826-4,human,465
fastapi-mvc/fastapi-mvc/run826-4,human,464
fastapi-mvc/fastapi-mvc/run826-4,human,463
fastapi-mvc/fastapi-mvc/run826-4,human,462
fastapi-mvc/fastapi-mvc/run826-4,human,461
fastapi-mvc/fastapi-mvc/run826-4,human,460
fastapi-mvc/fastapi-mvc/run826-4,human,459
fastapi-mvc/fastapi-mvc/run826-4,human,458
fastapi-mvc/fastapi-mvc/run826-4,human,457
fastapi-mvc/fastapi-mvc/run826-4,human,456
fastapi-mvc/fastapi-mvc/run826-4,human,455
fastapi-mvc/fastapi-mvc/run826-4,human,454
fastapi-mvc/fastapi-mvc/run826-4,human,453
fastapi-mvc/fastapi-mvc/run826-4,human,452
fastapi-mvc/fastapi-mvc/run826-4,human,451
fastapi-mvc/fastapi-mvc/run826-4,human,450
fastapi-mvc/fastapi-mvc/run826-4,human,433
fastapi-mvc/fastapi-mvc/run826-4,human,432
fastapi-mvc/fastapi-mvc/run826-4,human,431
fastapi-mvc/fastapi-mvc/run826-4,human,430
fastapi-mvc/fastapi-mvc/run826-4,human,429
fastapi-mvc/fastapi-mvc/run826-4,human,428
fastapi-mvc/fastapi-mvc/run826-4,human,427
fastapi-mvc/fastapi-mvc/run826-4,human,426
fastapi-mvc/fastapi-mvc/run826-4,human,425
fastapi-mvc/fastapi-mvc/run826-4,human,424
fastapi-mvc/fastapi-mvc/run826-4,human,423
fastapi-mvc/fastapi-mvc/run826-4,human,422
fastapi-mvc/fastapi-mvc/run826-4,human,421
fastapi-mvc/fastapi-mvc/run826-4,human,420
fastapi-mvc/fastapi-mvc/run826-4,human,419
fastapi-mvc/fastapi-mvc/run826-4,human,418
fastapi-mvc/fastapi-mvc/run826-4,human,417
fastapi-mvc/fastapi-mvc/run826-4,human,378
fastapi-mvc/fastapi-mvc/run826-4,human,379
fastapi-mvc/fastapi-mvc/run826-4,human,380
fastapi-mvc/fastapi-mvc/run826-4,human,381
fastapi-mvc/fastapi-mvc/run826-4,human,382
fastapi-mvc/fastapi-mvc/run826-4,human,383
fastapi-mvc/fastapi-mvc/run826-4,human,384
fastapi-mvc/fastapi-mvc/run826-4,human,385
fastapi-mvc/fastapi-mvc/run826-4,human,386
fastapi-mvc/fastapi-mvc/run826-4,human,387
fastapi-mvc/fastapi-mvc/run826-4,human,388
fastapi-mvc/fastapi-mvc/run826-4,human,389
fastapi-mvc/fastapi-mvc/run826-4,human,390
fastapi-mvc/fastapi-mvc/run826-4,human,391
fastapi-mvc/fastapi-mvc/run826-4,human,392
fastapi-mvc/fastapi-mvc/run826-4,human,393
fastapi-mvc/fastapi-mvc/run826-4,human,394
fastapi-mvc/fastapi-mvc/run826-4,human,395
fastapi-mvc/fastapi-mvc/run826-4,human,396
fastapi-mvc/fastapi-mvc/run826-4,human,397
fastapi-mvc/fastapi-mvc/run826-4,human,398
fastapi-mvc/fastapi-mvc/run826-4,human,399
fastapi-mvc/fastapi-mvc/run826-4,human,400
fastapi-mvc/fastapi-mvc/run826-4,human,401
fastapi-mvc/fastapi-mvc/run826-4,human,402
fastapi-mvc/fastapi-mvc/run826-4,human,403
fastapi-mvc/fastapi-mvc/run826-4,human,404
fastapi-mvc/fastapi-mvc/run826-4,human,405
fastapi-mvc/fastapi-mvc/run826-4,human,406
fastapi-mvc/fastapi-mvc/run826-4,human,407
fastapi-mvc/fastapi-mvc/run826-4,human,408
fastapi-mvc/fastapi-mvc/run826-4,human,409
fastapi-mvc/fastapi-mvc/run826-4,human,410
fastapi-mvc/fastapi-mvc/run826-4,human,411
fastapi-mvc/fastapi-mvc/run826-4,human,412
fastapi-mvc/fastapi-mvc/run826-4,human,413
fastapi-mvc/fastapi-mvc/run826-4,human,414
fastapi-mvc/fastapi-mvc/run826-4,human,415
fastapi-mvc/fastapi-mvc/run826-4,human,416
fastapi-mvc/fastapi-mvc/run826-4,human,377
fastapi-mvc/fastapi-mvc/run826-4,human,376
fastapi-mvc/fastapi-mvc/run826-4,human,375
fastapi-mvc/fastapi-mvc/run826-4,human,374
fastapi-mvc/fastapi-mvc/run826-4,human,373
fastapi-mvc/fastapi-mvc/run826-4,human,372
fastapi-mvc/fastapi-mvc/run826-4,human,371
fastapi-mvc/fastapi-mvc/run826-4,human,370
fastapi-mvc/fastapi-mvc/run826-4,human,369
fastapi-mvc/fastapi-mvc/run826-4,human,368
fastapi-mvc/fastapi-mvc/run826-4,human,367
fastapi-mvc/fastapi-mvc/run826-4,human,366
fastapi-mvc/fastapi-mvc/run826-4,human,365
fastapi-mvc/fastapi-mvc/run826-4,human,364
fastapi-mvc/fastapi-mvc/run826-4,human,363
fastapi-mvc/fastapi-mvc/run826-4,human,362
fastapi-mvc/fastapi-mvc/run826-4,human,361
fastapi-mvc/fastapi-mvc/run826-4,human,360
fastapi-mvc/fastapi-mvc/run826-4,human,359
fastapi-mvc/fastapi-mvc/run826-4,human,358
fastapi-mvc/fastapi-mvc/run826-4,human,357
fastapi-mvc/fastapi-mvc/run826-4,human,356
fastapi-mvc/fastapi-mvc/run826-4,human,355
fastapi-mvc/fastapi-mvc/run826-4,human,354
fastapi-mvc/fastapi-mvc/run826-4,human,353
fastapi-mvc/fastapi-mvc/run826-4,human,352
fastapi-mvc/fastapi-mvc/run826-4,human,351
fastapi-mvc/fastapi-mvc/run826-4,human,350
fastapi-mvc/fastapi-mvc/run826-4,human,349
fastapi-mvc/fastapi-mvc/run826-4,human,348
fastapi-mvc/fastapi-mvc/run826-4,human,347
fastapi-mvc/fastapi-mvc/run826-4,human,346
fastapi-mvc/fastapi-mvc/run826-4,human,345
fastapi-mvc/fastapi-mvc/run826-4,human,344
fastapi-mvc/fastapi-mvc/run826-4,human,291
fastapi-mvc/fastapi-mvc/run826-4,human,292
fastapi-mvc/fastapi-mvc/run826-4,human,293
fastapi-mvc/fastapi-mvc/run826-4,human,294
fastapi-mvc/fastapi-mvc/run826-4,human,295
fastapi-mvc/fastapi-mvc/run826-4,human,296
fastapi-mvc/fastapi-mvc/run826-4,human,297
fastapi-mvc/fastapi-mvc/run826-4,human,298
fastapi-mvc/fastapi-mvc/run826-4,human,299
fastapi-mvc/fastapi-mvc/run826-4,human,300
fastapi-mvc/fastapi-mvc/run826-4,human,301
fastapi-mvc/fastapi-mvc/run826-4,human,302
fastapi-mvc/fastapi-mvc/run826-4,human,303
fastapi-mvc/fastapi-mvc/run826-4,human,304
fastapi-mvc/fastapi-mvc/run826-4,human,305
fastapi-mvc/fastapi-mvc/run826-4,human,306
fastapi-mvc/fastapi-mvc/run826-4,human,307
fastapi-mvc/fastapi-mvc/run826-4,human,308
fastapi-mvc/fastapi-mvc/run826-4,human,309
fastapi-mvc/fastapi-mvc/run826-4,human,310
fastapi-mvc/fastapi-mvc/run826-4,human,311
fastapi-mvc/fastapi-mvc/run826-4,human,312
fastapi-mvc/fastapi-mvc/run826-4,human,313
fastapi-mvc/fastapi-mvc/run826-4,human,314
fastapi-mvc/fastapi-mvc/run826-4,human,315
fastapi-mvc/fastapi-mvc/run826-4,human,316
fastapi-mvc/fastapi-mvc/run826-4,human,317
fastapi-mvc/fastapi-mvc/run826-4,human,318
fastapi-mvc/fastapi-mvc/run826-4,human,319
fastapi-mvc/fastapi-mvc/run826-4,human,320
fastapi-mvc/fastapi-mvc/run826-4,human,321
fastapi-mvc/fastapi-mvc/run826-4,human,322
fastapi-mvc/fastapi-mvc/run826-4,human,323
fastapi-mvc/fastapi-mvc/run826-4,human,324
fastapi-mvc/fastapi-mvc/run826-4,human,325
fastapi-mvc/fastapi-mvc/run826-4,human,326
fastapi-mvc/fastapi-mvc/run826-4,human,327
fastapi-mvc/fastapi-mvc/run826-4,human,328
fastapi-mvc/fastapi-mvc/run826-4,human,329
fastapi-mvc/fastapi-mvc/run826-4,human,330
fastapi-mvc/fastapi-mvc/run826-4,human,331
fastapi-mvc/fastapi-mvc/run826-4,human,332
fastapi-mvc/fastapi-mvc/run826-4,human,333
fastapi-mvc/fastapi-mvc/run826-4,human,334
fastapi-mvc/fastapi-mvc/run826-4,human,335
fastapi-mvc/fastapi-mvc/run826-4,human,336
fastapi-mvc/fastapi-mvc/run826-4,human,337
fastapi-mvc/fastapi-mvc/run826-4,human,338
fastapi-mvc/fastapi-mvc/run826-4,human,339
fastapi-mvc/fastapi-mvc/run826-4,human,340
fastapi-mvc/fastapi-mvc/run826-4,human,341
fastapi-mvc/fastapi-mvc/run826-4,human,342
fastapi-mvc/fastapi-mvc/run826-4,human,343
fastapi-mvc/fastapi-mvc/run826-4,human,290
fastapi-mvc/fastapi-mvc/run826-4,human,289
fastapi-mvc/fastapi-mvc/run826-4,human,288
fastapi-mvc/fastapi-mvc/run826-4,human,287
fastapi-mvc/fastapi-mvc/run826-4,human,286
fastapi-mvc/fastapi-mvc/run826-4,human,285
fastapi-mvc/fastapi-mvc/run826-4,human,284
fastapi-mvc/fastapi-mvc/run826-4,human,283
fastapi-mvc/fastapi-mvc/run826-4,human,282
fastapi-mvc/fastapi-mvc/run826-4,human,281
fastapi-mvc/fastapi-mvc/run826-4,human,280
fastapi-mvc/fastapi-mvc/run826-4,human,279
fastapi-mvc/fastapi-mvc/run826-4,human,278
fastapi-mvc/fastapi-mvc/run826-4,human,277
fastapi-mvc/fastapi-mvc/run826-4,human,276
fastapi-mvc/fastapi-mvc/run826-4,human,275
fastapi-mvc/fastapi-mvc/run826-4,human,274
fastapi-mvc/fastapi-mvc/run826-4,human,273
fastapi-mvc/fastapi-mvc/run826-4,human,272
fastapi-mvc/fastapi-mvc/run826-4,human,271
fastapi-mvc/fastapi-mvc/run826-4,human,270
fastapi-mvc/fastapi-mvc/run826-4,human,269
fastapi-mvc/fastapi-mvc/run826-4,human,268
fastapi-mvc/fastapi-mvc/run826-4,human,267
fastapi-mvc/fastapi-mvc/run826-4,human,237
fastapi-mvc/fastapi-mvc/run826-4,human,236
fastapi-mvc/fastapi-mvc/run826-4,human,235
fastapi-mvc/fastapi-mvc/run826-4,human,234
fastapi-mvc/fastapi-mvc/run826-4,human,233
fastapi-mvc/fastapi-mvc/run826-4,human,232
fastapi-mvc/fastapi-mvc/run826-4,human,231
fastapi-mvc/fastapi-mvc/run826-4,human,230
fastapi-mvc/fastapi-mvc/run826-4,human,229
fastapi-mvc/fastapi-mvc/run826-4,human,228
fastapi-mvc/fastapi-mvc/run826-4,human,227
fastapi-mvc/fastapi-mvc/run826-4,human,226
fastapi-mvc/fastapi-mvc/run826-4,human,225
fastapi-mvc/fastapi-mvc/run826-4,human,224
fastapi-mvc/fastapi-mvc/run826-4,human,223
fastapi-mvc/fastapi-mvc/run826-4,human,222
fastapi-mvc/fastapi-mvc/run826-4,human,221
fastapi-mvc/fastapi-mvc/run826-4,human,220
fastapi-mvc/fastapi-mvc/run826-4,human,219
fastapi-mvc/fastapi-mvc/run826-4,human,218
fastapi-mvc/fastapi-mvc/run826-4,human,217
fastapi-mvc/fastapi-mvc/run826-4,human,216
fastapi-mvc/fastapi-mvc/run826-4,human,215
fastapi-mvc/fastapi-mvc/run826-4,human,214
fastapi-mvc/fastapi-mvc/run826-4,human,213
fastapi-mvc/fastapi-mvc/run826-4,human,212
rsheftel/pandas_market_calendars/run24-0,human,731
rsheftel/pandas_market_calendars/run24-0,human,730
rsheftel/pandas_market_calendars/run24-0,human,729
rsheftel/pandas_market_calendars/run24-0,human,728
rsheftel/pandas_market_calendars/run24-0,human,727
rsheftel/pandas_market_calendars/run24-0,human,726
rsheftel/pandas_market_calendars/run24-0,human,725
rsheftel/pandas_market_calendars/run24-0,human,724
rsheftel/pandas_market_calendars/run24-0,human,723
rsheftel/pandas_market_calendars/run24-0,human,722
rsheftel/pandas_market_calendars/run24-0,human,716
rsheftel/pandas_market_calendars/run24-0,human,715
rsheftel/pandas_market_calendars/run24-0,human,714
rsheftel/pandas_market_calendars/run24-0,human,713
rsheftel/pandas_market_calendars/run24-0,human,712
rsheftel/pandas_market_calendars/run24-0,human,711
rsheftel/pandas_market_calendars/run24-0,human,710
rsheftel/pandas_market_calendars/run24-0,human,709
rsheftel/pandas_market_calendars/run24-0,human,708
rsheftel/pandas_market_calendars/run24-0,human,707
rsheftel/pandas_market_calendars/run24-0,human,706
rsheftel/pandas_market_calendars/run24-0,human,705
rsheftel/pandas_market_calendars/run24-0,human,704
rsheftel/pandas_market_calendars/run24-0,human,703
rsheftel/pandas_market_calendars/run24-0,human,702
rsheftel/pandas_market_calendars/run24-0,human,701
rsheftel/pandas_market_calendars/run24-0,human,700
arkworks-rs/poly-commit/run426-0,human,569
arkworks-rs/poly-commit/run426-0,human,568
arkworks-rs/poly-commit/run426-0,human,567
readthedocs/sphinx-autoapi/run183-0,human,773
readthedocs/sphinx-autoapi/run183-0,human,772
readthedocs/sphinx-autoapi/run183-0,human,771
readthedocs/sphinx-autoapi/run183-0,human,770
readthedocs/sphinx-autoapi/run183-0,human,766
readthedocs/sphinx-autoapi/run183-0,human,765
readthedocs/sphinx-autoapi/run183-0,human,768
readthedocs/sphinx-autoapi/run183-0,human,714
readthedocs/sphinx-autoapi/run183-0,human,713
readthedocs/sphinx-autoapi/run183-0,human,712
readthedocs/sphinx-autoapi/run183-0,human,711
readthedocs/sphinx-autoapi/run183-0,human,710
readthedocs/sphinx-autoapi/run183-0,human,709
readthedocs/sphinx-autoapi/run183-0,human,708
readthedocs/sphinx-autoapi/run183-0,human,707
readthedocs/sphinx-autoapi/run183-0,human,706
readthedocs/sphinx-autoapi/run183-0,human,705
readthedocs/sphinx-autoapi/run183-0,human,704
readthedocs/sphinx-autoapi/run183-0,human,703
readthedocs/sphinx-autoapi/run183-0,human,702
readthedocs/sphinx-autoapi/run183-0,human,701
readthedocs/sphinx-autoapi/run183-0,human,700
readthedocs/sphinx-autoapi/run183-0,human,699
readthedocs/sphinx-autoapi/run183-0,human,698
readthedocs/sphinx-autoapi/run183-0,human,697
readthedocs/sphinx-autoapi/run183-0,human,696
cloud-gov/pages-core/run1003-0,human,43
cloud-gov/pages-core/run1003-0,human,41
ardalis/cleanarchitecture/run1168-0,human,562
ardalis/cleanarchitecture/run1168-0,human,560
ardalis/cleanarchitecture/run1168-0,human,559
ardalis/cleanarchitecture/run1168-0,human,558
ardalis/cleanarchitecture/run1168-0,human,557
ardalis/cleanarchitecture/run1168-0,human,556
ardalis/cleanarchitecture/run1168-0,human,555
ardalis/cleanarchitecture/run1168-0,human,552
ardalis/cleanarchitecture/run1168-0,human,551
ardalis/cleanarchitecture/run1168-0,human,550
ardalis/cleanarchitecture/run1168-0,human,549
npm/npm-package-arg/run362-3,human,260
npm/npm-package-arg/run362-3,human,258
npm/npm-package-arg/run362-3,human,257
npm/npm-package-arg/run362-3,human,256
npm/npm-package-arg/run362-3,human,255
npm/npm-package-arg/run362-3,human,254
npm/npm-package-arg/run362-3,human,253
npm/npm-package-arg/run362-3,human,252
npm/npm-package-arg/run362-3,human,251
npm/npm-package-arg/run362-3,human,250
npm/npm-package-arg/run362-3,human,249
npm/npm-package-arg/run362-3,human,248
npm/npm-package-arg/run362-3,human,247
npm/npm-package-arg/run362-3,human,246
npm/npm-package-arg/run362-3,human,245
npm/npm-package-arg/run362-3,human,244
tremor-rs/tremor-runtime/run8256-1,human,560
tremor-rs/tremor-runtime/run8256-1,human,559
tremor-rs/tremor-runtime/run8256-1,human,558
tremor-rs/tremor-runtime/run8256-1,human,557
tremor-rs/tremor-runtime/run8256-1,human,556
carbon-design-system/carbon/run17455-0,human,375
carbon-design-system/carbon/run17455-0,human,374
carbon-design-system/carbon/run17455-0,human,373
carbon-design-system/carbon/run17455-0,human,372
blackjax-devs/blackjax/run1423-0,human,566
blackjax-devs/blackjax/run1423-0,human,567
blackjax-devs/blackjax/run1423-0,human,568
blackjax-devs/blackjax/run1423-0,human,569
goharbor/harbor/run5505-0,human,53
tyktechnologies/tyk/run3-0,human,260
tyktechnologies/tyk/run3-0,human,259
tyktechnologies/tyk/run3-0,human,246
tyktechnologies/tyk/run3-0,human,228
k8sgpt-ai/k8sgpt/run3062-0,human,539
k8sgpt-ai/k8sgpt/run3062-0,human,538
k8sgpt-ai/k8sgpt/run3062-0,human,537
k8sgpt-ai/k8sgpt/run3062-0,human,536
k8sgpt-ai/k8sgpt/run3062-0,human,535
k8sgpt-ai/k8sgpt/run3062-0,human,534
k8sgpt-ai/k8sgpt/run3062-0,human,533
k8sgpt-ai/k8sgpt/run3062-0,human,532
k8sgpt-ai/k8sgpt/run3062-0,human,531
k8sgpt-ai/k8sgpt/run3062-0,human,530
k8sgpt-ai/k8sgpt/run3062-0,human,529
k8sgpt-ai/k8sgpt/run3062-0,human,528
k8sgpt-ai/k8sgpt/run3062-0,human,527
k8sgpt-ai/k8sgpt/run3062-0,human,526
k8sgpt-ai/k8sgpt/run3062-0,human,525
k8sgpt-ai/k8sgpt/run3062-0,human,524
k8sgpt-ai/k8sgpt/run3062-0,human,523
k8sgpt-ai/k8sgpt/run3062-0,human,522
k8sgpt-ai/k8sgpt/run3062-0,human,521
tf2autobot/tf2autobot/run4124-0,human,489
tf2autobot/tf2autobot/run4124-0,human,488
tf2autobot/tf2autobot/run4124-0,human,487
tf2autobot/tf2autobot/run4124-0,human,486
tf2autobot/tf2autobot/run4124-0,human,485
tf2autobot/tf2autobot/run4124-0,human,484
tf2autobot/tf2autobot/run4124-0,human,483
tf2autobot/tf2autobot/run4124-0,human,482
tf2autobot/tf2autobot/run4124-0,human,481
tf2autobot/tf2autobot/run4124-0,human,480
tf2autobot/tf2autobot/run4124-0,human,479
tf2autobot/tf2autobot/run4124-0,human,478
tf2autobot/tf2autobot/run4124-0,human,477
tf2autobot/tf2autobot/run4124-0,human,476
tf2autobot/tf2autobot/run4124-0,human,475
tf2autobot/tf2autobot/run4124-0,human,474
tf2autobot/tf2autobot/run4124-0,human,473
tf2autobot/tf2autobot/run4124-0,human,472
tf2autobot/tf2autobot/run4124-0,human,471
tf2autobot/tf2autobot/run4124-0,human,470
tf2autobot/tf2autobot/run4124-0,human,469
tf2autobot/tf2autobot/run4124-0,human,468
tf2autobot/tf2autobot/run4124-0,human,467
tf2autobot/tf2autobot/run4124-0,human,466
tf2autobot/tf2autobot/run4124-0,human,465
tf2autobot/tf2autobot/run4124-0,human,464
tf2autobot/tf2autobot/run4124-0,human,463
tf2autobot/tf2autobot/run4124-0,human,462
tf2autobot/tf2autobot/run4124-0,human,461
tf2autobot/tf2autobot/run4124-0,human,460
tf2autobot/tf2autobot/run4124-0,human,459
tf2autobot/tf2autobot/run4124-0,human,458
tf2autobot/tf2autobot/run4124-0,human,457
tf2autobot/tf2autobot/run4124-0,human,456
zeabur/zbpack/run552-0,human,565
zeabur/zbpack/run552-0,human,564
zeabur/zbpack/run552-0,human,563
zeabur/zbpack/run552-0,human,562
zeabur/zbpack/run552-0,human,561
zeabur/zbpack/run552-0,human,560
nektos/act/run35-0,human,934
nektos/act/run35-0,human,933
nektos/act/run35-0,human,932
nektos/act/run35-0,human,931
nektos/act/run35-0,human,930
nektos/act/run35-0,human,929
nektos/act/run35-0,human,928
nektos/act/run35-0,human,927
nektos/act/run35-0,human,926
nektos/act/run35-0,human,925
nektos/act/run35-0,human,924
nektos/act/run35-0,human,923
facelessuser/coloraide/run1696-2,human,224
facelessuser/coloraide/run1696-2,human,223
facelessuser/coloraide/run1696-2,human,222
facelessuser/coloraide/run1696-2,human,221
facelessuser/coloraide/run1696-2,human,220
facelessuser/coloraide/run1696-2,human,219
facelessuser/coloraide/run1696-2,human,218
doocs/leetcode/run105-0,human,120
doocs/leetcode/run105-0,human,119
pytorch/benchmark/run259-0,human,605
pytorch/benchmark/run259-0,human,604
pytorch/benchmark/run259-0,human,603
pytorch/benchmark/run259-0,human,579
pytorch/benchmark/run259-0,human,580
pytorch/benchmark/run259-0,human,581
pytorch/benchmark/run259-0,human,582
pytorch/benchmark/run259-0,human,583
pytorch/benchmark/run259-0,human,584
pytorch/benchmark/run259-0,human,585
pytorch/benchmark/run259-0,human,586
kubevela/kubevela/run14047-0,human,467
kubevela/kubevela/run14047-0,human,466
kubevela/kubevela/run14047-0,human,465
kubevela/kubevela/run14047-0,human,464
kubevela/kubevela/run14047-0,human,463
okx/exchain/run5782-0,human,731
okx/exchain/run5782-0,human,730
okx/exchain/run5782-0,human,729
okx/exchain/run5782-0,human,716
okx/exchain/run5782-0,human,715
okx/exchain/run5782-0,human,714
atombender/go-jsonschema/run166-0,human,629
atombender/go-jsonschema/run166-0,human,628
atombender/go-jsonschema/run166-0,human,627
atombender/go-jsonschema/run166-0,human,626
vega/vega-lite/run995-0,human,176
geopython/pygeoapi/run2018-0,human,292
geopython/pygeoapi/run2018-0,human,291
geopython/pygeoapi/run2018-0,human,290
geopython/pygeoapi/run2018-0,human,289
geopython/pygeoapi/run2018-0,human,288
geopython/pygeoapi/run2018-0,human,287
geopython/pygeoapi/run2018-0,human,286
geopython/pygeoapi/run2018-0,human,285
geopython/pygeoapi/run2018-0,human,284
geopython/pygeoapi/run2018-0,human,283
geopython/pygeoapi/run2018-0,human,282
geopython/pygeoapi/run2018-0,human,281
geopython/pygeoapi/run2018-0,human,280
geopython/pygeoapi/run2018-0,human,279
geopython/pygeoapi/run2018-0,human,278
geopython/pygeoapi/run2018-0,human,277
geopython/pygeoapi/run2018-0,human,276
geopython/pygeoapi/run2018-0,human,275
geopython/pygeoapi/run2018-0,human,274
geopython/pygeoapi/run2018-0,human,273
geopython/pygeoapi/run2018-0,human,272
geopython/pygeoapi/run2018-0,human,271
geopython/pygeoapi/run2018-0,human,270
geopython/pygeoapi/run2018-0,human,269
geopython/pygeoapi/run2018-0,human,268
geopython/pygeoapi/run2018-0,human,267
geopython/pygeoapi/run2018-0,human,266
geopython/pygeoapi/run2018-0,human,265
geopython/pygeoapi/run2018-0,human,264
geopython/pygeoapi/run2018-0,human,263
geopython/pygeoapi/run2018-0,human,262
geopython/pygeoapi/run2018-0,human,261
geopython/pygeoapi/run2018-0,human,260
geopython/pygeoapi/run2018-0,human,259
geopython/pygeoapi/run2018-0,human,258
geopython/pygeoapi/run2018-0,human,257
geopython/pygeoapi/run2018-0,human,256
geopython/pygeoapi/run2018-0,human,255
geopython/pygeoapi/run2018-0,human,254
geopython/pygeoapi/run2018-0,human,253
geopython/pygeoapi/run2018-0,human,252
geopython/pygeoapi/run2018-0,human,251
geopython/pygeoapi/run2018-0,human,250
geopython/pygeoapi/run2018-0,human,249
geopython/pygeoapi/run2018-0,human,248
geopython/pygeoapi/run2018-0,human,247
geopython/pygeoapi/run2018-0,human,246
geopython/pygeoapi/run2018-0,human,245
geopython/pygeoapi/run2018-0,human,244
geopython/pygeoapi/run2018-0,human,243
geopython/pygeoapi/run2018-0,human,242
geopython/pygeoapi/run2018-0,human,241
geopython/pygeoapi/run2018-0,human,240
geopython/pygeoapi/run2018-0,human,239
geopython/pygeoapi/run2018-0,human,238
geopython/pygeoapi/run2018-0,human,237
geopython/pygeoapi/run2018-0,human,236
geopython/pygeoapi/run2018-0,human,235
geopython/pygeoapi/run2018-0,human,234
geopython/pygeoapi/run2018-0,human,233
geopython/pygeoapi/run2018-0,human,232
geopython/pygeoapi/run2018-0,human,231
geopython/pygeoapi/run2018-0,human,230
geopython/pygeoapi/run2018-0,human,229
geopython/pygeoapi/run2018-0,human,228
geopython/pygeoapi/run2018-0,human,227
geopython/pygeoapi/run2018-0,human,226
geopython/pygeoapi/run2018-0,human,225
geopython/pygeoapi/run2018-0,human,224
geopython/pygeoapi/run2018-0,human,223
geopython/pygeoapi/run2018-0,human,222
geopython/pygeoapi/run2018-0,human,221
geopython/pygeoapi/run2018-0,human,220
geopython/pygeoapi/run2018-0,human,219
geopython/pygeoapi/run2018-0,human,218
geopython/pygeoapi/run2018-0,human,217
geopython/pygeoapi/run2018-0,human,216
geopython/pygeoapi/run2018-0,human,215
geopython/pygeoapi/run2018-0,human,214
geopython/pygeoapi/run2018-0,human,213
geopython/pygeoapi/run2018-0,human,212
geopython/pygeoapi/run2018-0,human,211
geopython/pygeoapi/run2018-0,human,210
geopython/pygeoapi/run2018-0,human,209
geopython/pygeoapi/run2018-0,human,208
geopython/pygeoapi/run2018-0,human,207
geopython/pygeoapi/run2018-0,human,206
geopython/pygeoapi/run2018-0,human,205
geopython/pygeoapi/run2018-0,human,204
geopython/pygeoapi/run2018-0,human,203
geopython/pygeoapi/run2018-0,human,202
geopython/pygeoapi/run2018-0,human,201
geopython/pygeoapi/run2018-0,human,200
geopython/pygeoapi/run2018-0,human,199
geopython/pygeoapi/run2018-0,human,198
geopython/pygeoapi/run2018-0,human,197
geopython/pygeoapi/run2018-0,human,196
geopython/pygeoapi/run2018-0,human,195
geopython/pygeoapi/run2018-0,human,194
geopython/pygeoapi/run2018-0,human,193
geopython/pygeoapi/run2018-0,human,192
geopython/pygeoapi/run2018-0,human,191
geopython/pygeoapi/run2018-0,human,190
geopython/pygeoapi/run2018-0,human,189
geopython/pygeoapi/run2018-0,human,188
geopython/pygeoapi/run2018-0,human,187
geopython/pygeoapi/run2018-0,human,186
geopython/pygeoapi/run2018-0,human,185
geopython/pygeoapi/run2018-0,human,184
geopython/pygeoapi/run2018-0,human,183
geopython/pygeoapi/run2018-0,human,182
geopython/pygeoapi/run2018-0,human,181
geopython/pygeoapi/run2018-0,human,180
geopython/pygeoapi/run2018-0,human,179
geopython/pygeoapi/run2018-0,human,178
geopython/pygeoapi/run2018-0,human,177
geopython/pygeoapi/run2018-0,human,176
geopython/pygeoapi/run2018-0,human,175
geopython/pygeoapi/run2018-0,human,174
geopython/pygeoapi/run2018-0,human,173
geopython/pygeoapi/run2018-0,human,172
geopython/pygeoapi/run2018-0,human,171
geopython/pygeoapi/run2018-0,human,170
geopython/pygeoapi/run2018-0,human,169
geopython/pygeoapi/run2018-0,human,168
geopython/pygeoapi/run2018-0,human,167
geopython/pygeoapi/run2018-0,human,166
geopython/pygeoapi/run2018-0,human,165
geopython/pygeoapi/run2018-0,human,164
geopython/pygeoapi/run2018-0,human,163
geopython/pygeoapi/run2018-0,human,162
geopython/pygeoapi/run2018-0,human,161
geopython/pygeoapi/run2018-0,human,160
geopython/pygeoapi/run2018-0,human,159
tauri-apps/create-tauri-app/run844-0,human,800
tauri-apps/create-tauri-app/run844-0,human,799
tauri-apps/create-tauri-app/run844-0,human,798
tauri-apps/create-tauri-app/run844-0,human,797
tauri-apps/create-tauri-app/run844-0,human,796
tauri-apps/create-tauri-app/run844-0,human,795
tauri-apps/create-tauri-app/run844-0,human,794
tauri-apps/create-tauri-app/run844-0,human,793
tauri-apps/create-tauri-app/run844-0,human,792
tauri-apps/create-tauri-app/run844-0,human,791
tauri-apps/create-tauri-app/run844-0,human,790
tauri-apps/create-tauri-app/run844-0,human,789
tauri-apps/create-tauri-app/run844-0,human,788
tauri-apps/create-tauri-app/run844-0,human,787
tauri-apps/create-tauri-app/run844-0,human,786
tauri-apps/create-tauri-app/run844-0,human,785
tauri-apps/create-tauri-app/run844-0,human,784
tauri-apps/create-tauri-app/run844-0,human,783
tauri-apps/create-tauri-app/run844-0,human,782
tauri-apps/create-tauri-app/run844-0,human,781
tauri-apps/create-tauri-app/run844-0,human,780
getdozer/dozer/run44-0,human,565
getdozer/dozer/run44-0,human,564
getdozer/dozer/run44-0,human,563
getdozer/dozer/run44-0,human,562
getdozer/dozer/run44-0,human,561
getdozer/dozer/run44-0,human,560
getdozer/dozer/run44-0,human,559
joerick/pyinstrument/run421-20,human,697
joerick/pyinstrument/run421-20,human,696
joerick/pyinstrument/run421-20,human,695
joerick/pyinstrument/run421-20,human,694
joerick/pyinstrument/run421-20,human,684
joerick/pyinstrument/run421-20,human,683
joerick/pyinstrument/run421-20,human,682
joerick/pyinstrument/run421-20,human,681
joerick/pyinstrument/run421-20,human,680
joerick/pyinstrument/run421-20,human,679
joerick/pyinstrument/run421-20,human,678
joerick/pyinstrument/run421-20,human,677
joerick/pyinstrument/run421-20,human,676
joerick/pyinstrument/run421-20,human,675
joerick/pyinstrument/run421-20,human,674
joerick/pyinstrument/run421-20,human,673
joerick/pyinstrument/run421-20,human,672
joerick/pyinstrument/run421-20,human,671
joerick/pyinstrument/run421-20,human,670
hipages/php-fpm_exporter/run109-1,human,219
hipages/php-fpm_exporter/run109-1,human,218
hipages/php-fpm_exporter/run109-1,human,217
hipages/php-fpm_exporter/run109-1,human,216
hipages/php-fpm_exporter/run109-1,human,215
hipages/php-fpm_exporter/run109-1,human,214
hipages/php-fpm_exporter/run109-1,human,213
hipages/php-fpm_exporter/run109-1,human,212
hipages/php-fpm_exporter/run109-1,human,211
hipages/php-fpm_exporter/run109-1,human,210
hipages/php-fpm_exporter/run109-1,human,209
pypiserver/pypiserver/run26-0,human,690
pypiserver/pypiserver/run26-0,human,691
pypiserver/pypiserver/run26-0,human,692
pypiserver/pypiserver/run26-0,human,693
timescale/timescaledb-toolkit/run3212-0,human,560
timescale/timescaledb-toolkit/run3212-0,human,559
timescale/timescaledb-toolkit/run3212-0,human,558
timescale/timescaledb-toolkit/run3212-0,human,557
timescale/timescaledb-toolkit/run3212-0,human,556
timescale/timescaledb-toolkit/run3212-0,human,555
timescale/timescaledb-toolkit/run3212-0,human,554
mainmatter/ember-cookies/run2420-9,human,276
mainmatter/ember-cookies/run2420-9,human,275
mainmatter/ember-cookies/run2420-9,human,274
mainmatter/ember-cookies/run2420-9,human,273
mainmatter/ember-cookies/run2420-9,human,272
mainmatter/ember-cookies/run2420-9,human,271
mainmatter/ember-cookies/run2420-9,human,270
mainmatter/ember-cookies/run2420-9,human,269
mainmatter/ember-cookies/run2420-9,human,268
mainmatter/ember-cookies/run2420-9,human,267
mainmatter/ember-cookies/run2420-9,human,266
mainmatter/ember-cookies/run2420-9,human,265
mainmatter/ember-cookies/run2420-9,human,264
mainmatter/ember-cookies/run2420-9,human,263
mainmatter/ember-cookies/run2420-9,human,262
mainmatter/ember-cookies/run2420-9,human,261
mainmatter/ember-cookies/run2420-9,human,260
mainmatter/ember-cookies/run2420-9,human,259
mainmatter/ember-cookies/run2420-9,human,258
mainmatter/ember-cookies/run2420-9,human,257
mainmatter/ember-cookies/run2420-9,human,256
mainmatter/ember-cookies/run2420-9,human,255
mainmatter/ember-cookies/run2420-9,human,254
mainmatter/ember-cookies/run2420-9,human,253
mainmatter/ember-cookies/run2420-9,human,252
cilium/cilium-cli/run2066-0,human,280
cilium/cilium-cli/run2066-0,human,279
cilium/cilium-cli/run2066-0,human,278
cilium/cilium-cli/run2066-0,human,277
cilium/cilium-cli/run2066-0,human,276
cilium/cilium-cli/run2066-0,human,275
cilium/cilium-cli/run2066-0,human,274
cilium/cilium-cli/run2066-0,human,273
cilium/cilium-cli/run2066-0,human,272
cilium/cilium-cli/run2066-0,human,271
cilium/cilium-cli/run2066-0,human,270
cilium/cilium-cli/run2066-0,human,269
cilium/cilium-cli/run2066-0,human,268
cilium/cilium-cli/run2066-0,human,267
cilium/cilium-cli/run2066-0,human,266
cilium/cilium-cli/run2066-0,human,265
cilium/cilium-cli/run2066-0,human,264
cilium/cilium-cli/run2066-0,human,263
cilium/cilium-cli/run2066-0,human,262
cilium/cilium-cli/run2066-0,human,261
cilium/cilium-cli/run2066-0,human,260
cilium/cilium-cli/run2066-0,human,259
cilium/cilium-cli/run2066-0,human,226
cilium/cilium-cli/run2066-0,human,227
cilium/cilium-cli/run2066-0,human,228
cilium/cilium-cli/run2066-0,human,229
cilium/cilium-cli/run2066-0,human,230
cilium/cilium-cli/run2066-0,human,231
npm/read-package-json/run328-8,human,471
npm/read-package-json/run328-8,human,469
npm/read-package-json/run328-8,human,468
npm/read-package-json/run328-8,human,467
npm/read-package-json/run328-8,human,466
npm/read-package-json/run328-8,human,465
npm/read-package-json/run328-8,human,464
npm/read-package-json/run328-8,human,463
npm/read-package-json/run328-8,human,462
npm/read-package-json/run328-8,human,461
npm/read-package-json/run328-8,human,460
npm/read-package-json/run328-8,human,459
npm/read-package-json/run328-8,human,458
npm/read-package-json/run328-8,human,457
npm/read-package-json/run328-8,human,456
npm/read-package-json/run328-8,human,455
npm/read-package-json/run328-8,human,454
npm/read-package-json/run328-8,human,453
nextcloud/appstore/run5003-5,human,901
nextcloud/appstore/run5003-5,human,900
temporalio/sdk-node/run3354-4,human,679
temporalio/sdk-node/run3354-4,human,678
temporalio/sdk-node/run3354-4,human,677
temporalio/sdk-node/run3354-4,human,676
temporalio/sdk-node/run3354-4,human,675
temporalio/sdk-node/run3354-4,human,674
temporalio/sdk-node/run3354-4,human,673
temporalio/sdk-node/run3354-4,human,672
temporalio/sdk-node/run3354-4,human,671
temporalio/sdk-node/run3354-4,human,670
es-community/nsecure/run350-2,human,722
es-community/nsecure/run350-2,human,721
es-community/nsecure/run350-2,human,720
es-community/nsecure/run350-2,human,719
es-community/nsecure/run350-2,human,718
es-community/nsecure/run350-2,human,717
es-community/nsecure/run350-2,human,716
es-community/nsecure/run350-2,human,715
es-community/nsecure/run350-2,human,714
es-community/nsecure/run350-2,human,712
es-community/nsecure/run350-2,human,711
es-community/nsecure/run350-2,human,710
es-community/nsecure/run350-2,human,709
es-community/nsecure/run350-2,human,708
es-community/nsecure/run350-2,human,707
es-community/nsecure/run350-2,human,706
es-community/nsecure/run350-2,human,705
es-community/nsecure/run350-2,human,704
es-community/nsecure/run350-2,human,703
es-community/nsecure/run350-2,human,702
es-community/nsecure/run350-2,human,701
es-community/nsecure/run350-2,human,700
es-community/nsecure/run350-2,human,699
es-community/nsecure/run350-2,human,698
es-community/nsecure/run350-2,human,697
es-community/nsecure/run350-2,human,695
es-community/nsecure/run350-2,human,694
es-community/nsecure/run350-2,human,693
es-community/nsecure/run350-2,human,692
es-community/nsecure/run350-2,human,691
es-community/nsecure/run350-2,human,690
es-community/nsecure/run350-2,human,689
es-community/nsecure/run350-2,human,688
es-community/nsecure/run350-2,human,687
es-community/nsecure/run350-2,human,686
es-community/nsecure/run350-2,human,685
es-community/nsecure/run350-2,human,684
crater-invoice/crater/run166-0,human,71
crater-invoice/crater/run166-0,human,70
crater-invoice/crater/run166-0,human,69
crater-invoice/crater/run166-0,human,68
crater-invoice/crater/run166-0,human,67
cortinico/ktfmt-gradle/run284-1,human,518
cortinico/ktfmt-gradle/run284-1,human,517
cortinico/ktfmt-gradle/run284-1,human,516
cortinico/ktfmt-gradle/run284-1,human,515
cortinico/ktfmt-gradle/run284-1,human,514
cortinico/ktfmt-gradle/run284-1,human,513
cortinico/ktfmt-gradle/run284-1,human,512
cortinico/ktfmt-gradle/run284-1,human,511
cortinico/ktfmt-gradle/run284-1,human,510
cortinico/ktfmt-gradle/run284-1,human,509
cortinico/ktfmt-gradle/run284-1,human,508
cortinico/ktfmt-gradle/run284-1,human,507
cortinico/ktfmt-gradle/run284-1,human,506
cortinico/ktfmt-gradle/run284-1,human,505
cortinico/ktfmt-gradle/run284-1,human,504
cortinico/ktfmt-gradle/run284-1,human,503
cortinico/ktfmt-gradle/run284-1,human,502
cortinico/ktfmt-gradle/run284-1,human,501
cortinico/ktfmt-gradle/run284-1,human,500
cortinico/ktfmt-gradle/run284-1,human,499
cortinico/ktfmt-gradle/run284-1,human,498
cortinico/ktfmt-gradle/run284-1,human,489
cortinico/ktfmt-gradle/run284-1,human,494
cortinico/ktfmt-gradle/run284-1,human,496
cortinico/ktfmt-gradle/run284-1,human,497
lovoo/goka/run174-0,human,527
lovoo/goka/run174-0,human,526
memfault/interrupt/run6-0,human,534
skypyproject/skypy/run2407-0,human,771
skypyproject/skypy/run2407-0,human,770
skypyproject/skypy/run2407-0,human,769
skypyproject/skypy/run2407-0,human,768
skypyproject/skypy/run2407-0,human,767
skypyproject/skypy/run2407-0,human,766
skypyproject/skypy/run2407-0,human,765
skypyproject/skypy/run2407-0,human,764
skypyproject/skypy/run2407-0,human,758
skypyproject/skypy/run2407-0,human,757
skypyproject/skypy/run2407-0,human,756
skypyproject/skypy/run2407-0,human,755
skypyproject/skypy/run2407-0,human,754
skypyproject/skypy/run2407-0,human,753
skypyproject/skypy/run2407-0,human,752
skypyproject/skypy/run2407-0,human,751
skypyproject/skypy/run2407-0,human,750
skypyproject/skypy/run2407-0,human,749
skypyproject/skypy/run2407-0,human,748
skypyproject/skypy/run2407-0,human,747
skypyproject/skypy/run2407-0,human,746
skypyproject/skypy/run2407-0,human,745
skypyproject/skypy/run2407-0,human,744
skypyproject/skypy/run2407-0,human,743
skypyproject/skypy/run2407-0,human,742
skypyproject/skypy/run2407-0,human,741
skypyproject/skypy/run2407-0,human,740
skypyproject/skypy/run2407-0,human,739
skypyproject/skypy/run2407-0,human,738
skypyproject/skypy/run2407-0,human,737
skypyproject/skypy/run2407-0,human,736
skypyproject/skypy/run2407-0,human,735
skypyproject/skypy/run2407-0,human,734
skypyproject/skypy/run2407-0,human,733
skypyproject/skypy/run2407-0,human,732
skypyproject/skypy/run2407-0,human,731
skypyproject/skypy/run2407-0,human,730
skypyproject/skypy/run2407-0,human,729
skypyproject/skypy/run2407-0,human,728
dbt-labs/dbt-docs/run71-0,human,437
dbt-labs/dbt-docs/run71-0,human,435
dbt-labs/dbt-docs/run71-0,human,434
dbt-labs/dbt-docs/run71-0,human,433
dbt-labs/dbt-docs/run71-0,human,432
dbt-labs/dbt-docs/run71-0,human,431
dbt-labs/dbt-docs/run71-0,human,430
opensearch-project/opensearch-js/run1391-18,human,647
opensearch-project/opensearch-js/run1391-18,human,646
opensearch-project/opensearch-js/run1391-18,human,645
opensearch-project/opensearch-js/run1391-18,human,644
opensearch-project/opensearch-js/run1391-18,human,643
opensearch-project/opensearch-js/run1391-18,human,642
opensearch-project/opensearch-js/run1391-18,human,641
opensearch-project/opensearch-js/run1391-18,human,640
opensearch-project/opensearch-js/run1391-18,human,639
opensearch-project/opensearch-js/run1391-18,human,638
opensearch-project/opensearch-js/run1391-18,human,637
opensearch-project/opensearch-js/run1391-18,human,636
opensearch-project/opensearch-js/run1391-18,human,635
der-henning/tgtg/run1186-4,human,698
der-henning/tgtg/run1186-4,human,697
der-henning/tgtg/run1186-4,human,696
der-henning/tgtg/run1186-4,human,695
der-henning/tgtg/run1186-4,human,694
der-henning/tgtg/run1186-4,human,691
der-henning/tgtg/run1186-4,human,690
der-henning/tgtg/run1186-4,human,689
der-henning/tgtg/run1186-4,human,688
der-henning/tgtg/run1186-4,human,687
der-henning/tgtg/run1186-4,human,686
der-henning/tgtg/run1186-4,human,685
der-henning/tgtg/run1186-4,human,684
der-henning/tgtg/run1186-4,human,683
der-henning/tgtg/run1186-4,human,682
der-henning/tgtg/run1186-4,human,681
der-henning/tgtg/run1186-4,human,680
der-henning/tgtg/run1186-4,human,679
der-henning/tgtg/run1186-4,human,678
software-mansion/scarb/run109-0,human,234
software-mansion/scarb/run109-0,human,233
software-mansion/scarb/run109-0,human,232
software-mansion/scarb/run109-0,human,231
software-mansion/scarb/run109-0,human,230
software-mansion/scarb/run109-0,human,229
software-mansion/scarb/run109-0,human,228
software-mansion/scarb/run109-0,human,227
software-mansion/scarb/run109-0,human,226
software-mansion/scarb/run109-0,human,225
software-mansion/scarb/run109-0,human,224
software-mansion/scarb/run109-0,human,223
software-mansion/scarb/run109-0,human,221
software-mansion/scarb/run109-0,human,222
software-mansion/scarb/run109-0,human,216
software-mansion/scarb/run109-0,human,217
software-mansion/scarb/run109-0,human,218
software-mansion/scarb/run109-0,human,219
software-mansion/scarb/run109-0,human,220
ruby-gnome/ruby-gnome/run896-0,human,766
ruby-gnome/ruby-gnome/run896-0,human,762
ruby-gnome/ruby-gnome/run896-0,human,761
ruby-gnome/ruby-gnome/run896-0,human,760
ruby-gnome/ruby-gnome/run896-0,human,759
ruby-gnome/ruby-gnome/run896-0,human,758
ruby-gnome/ruby-gnome/run896-0,human,757
ruby-gnome/ruby-gnome/run896-0,human,756
ruby-gnome/ruby-gnome/run896-0,human,755
ruby-gnome/ruby-gnome/run896-0,human,754
ruby-gnome/ruby-gnome/run896-0,human,753
ruby-gnome/ruby-gnome/run896-0,human,752
ruby-gnome/ruby-gnome/run896-0,human,751
ruby-gnome/ruby-gnome/run896-0,human,750
ruby-gnome/ruby-gnome/run896-0,human,749
ruby-gnome/ruby-gnome/run896-0,human,748
oramasearch/orama/run626-0,human,842
oramasearch/orama/run626-0,human,841
oramasearch/orama/run626-0,human,840
oramasearch/orama/run626-0,human,835
oramasearch/orama/run626-0,human,834
oramasearch/orama/run626-0,human,833
oramasearch/orama/run626-0,human,832
shopify/vscode-shopify-ruby/run1678-0,human,265
shopify/vscode-shopify-ruby/run1678-0,human,264
shopify/vscode-shopify-ruby/run1678-0,human,263
shopify/vscode-shopify-ruby/run1678-0,human,262
shopify/vscode-shopify-ruby/run1678-0,human,261
shopify/vscode-shopify-ruby/run1678-0,human,260
shopify/vscode-shopify-ruby/run1678-0,human,259
shopify/vscode-shopify-ruby/run1678-0,human,258
shopify/vscode-shopify-ruby/run1678-0,human,257
mikro-orm/nestjs/run486-1,human,221
mikro-orm/nestjs/run486-1,human,220
mikro-orm/nestjs/run486-1,human,219
mikro-orm/nestjs/run486-1,human,218
mikro-orm/nestjs/run486-1,human,217
mikro-orm/nestjs/run486-1,human,216
mikro-orm/nestjs/run486-1,human,215
mikro-orm/nestjs/run486-1,human,214
mikro-orm/nestjs/run486-1,human,213
mikro-orm/nestjs/run486-1,human,212
mikro-orm/nestjs/run486-1,human,211
mikro-orm/nestjs/run486-1,human,210
mikro-orm/nestjs/run486-1,human,209
mikro-orm/nestjs/run486-1,human,208
mikro-orm/nestjs/run486-1,human,207
mikro-orm/nestjs/run486-1,human,206
mikro-orm/nestjs/run486-1,human,205
mikro-orm/nestjs/run486-1,human,204
mikro-orm/nestjs/run486-1,human,203
mikro-orm/nestjs/run486-1,human,202
mikro-orm/nestjs/run486-1,human,201
mikro-orm/nestjs/run486-1,human,200
mikro-orm/nestjs/run486-1,human,199
mikro-orm/nestjs/run486-1,human,198
hearthsim/hearthstone-deck-tracker/run179-0,human,530
hearthsim/hearthstone-deck-tracker/run179-0,human,529
hearthsim/hearthstone-deck-tracker/run179-0,human,528
hearthsim/hearthstone-deck-tracker/run179-0,human,527
hearthsim/hearthstone-deck-tracker/run179-0,human,526
popsim-consortium/stdpopsim/run2141-0,human,605
popsim-consortium/stdpopsim/run2141-0,human,578
popsim-consortium/stdpopsim/run2141-0,human,572
popsim-consortium/stdpopsim/run2141-0,human,569
popsim-consortium/stdpopsim/run2141-0,human,570
popsim-consortium/stdpopsim/run2141-0,human,571
popsim-consortium/stdpopsim/run2141-0,human,573
popsim-consortium/stdpopsim/run2141-0,human,574
popsim-consortium/stdpopsim/run2141-0,human,575
popsim-consortium/stdpopsim/run2141-0,human,576
popsim-consortium/stdpopsim/run2141-0,human,577
popsim-consortium/stdpopsim/run2141-0,human,604
popsim-consortium/stdpopsim/run2141-0,human,603
popsim-consortium/stdpopsim/run2141-0,human,602
popsim-consortium/stdpopsim/run2141-0,human,601
popsim-consortium/stdpopsim/run2141-0,human,600
popsim-consortium/stdpopsim/run2141-0,human,599
popsim-consortium/stdpopsim/run2141-0,human,598
popsim-consortium/stdpopsim/run2141-0,human,597
popsim-consortium/stdpopsim/run2141-0,human,596
popsim-consortium/stdpopsim/run2141-0,human,595
popsim-consortium/stdpopsim/run2141-0,human,594
popsim-consortium/stdpopsim/run2141-0,human,593
popsim-consortium/stdpopsim/run2141-0,human,592
popsim-consortium/stdpopsim/run2141-0,human,591
popsim-consortium/stdpopsim/run2141-0,human,590
popsim-consortium/stdpopsim/run2141-0,human,589
popsim-consortium/stdpopsim/run2141-0,human,586
popsim-consortium/stdpopsim/run2141-0,human,587
popsim-consortium/stdpopsim/run2141-0,human,588
segmentio/analytics-php/run91-0,human,501
segmentio/analytics-php/run91-0,human,500
segmentio/analytics-php/run91-0,human,499
segmentio/analytics-php/run91-0,human,498
segmentio/analytics-php/run91-0,human,488
segmentio/analytics-php/run91-0,human,483
segmentio/analytics-php/run91-0,human,482
segmentio/analytics-php/run91-0,human,481
segmentio/analytics-php/run91-0,human,480
segmentio/analytics-php/run91-0,human,479
segmentio/analytics-php/run91-0,human,478
segmentio/analytics-php/run91-0,human,477
segmentio/analytics-php/run91-0,human,476
segmentio/analytics-php/run91-0,human,475
segmentio/analytics-php/run91-0,human,474
segmentio/analytics-php/run91-0,human,473
segmentio/analytics-php/run91-0,human,484
segmentio/analytics-php/run91-0,human,485
segmentio/analytics-php/run91-0,human,486
segmentio/analytics-php/run91-0,human,487
bearer/pizzly/run311-0,human,574
bearer/pizzly/run311-0,human,573
bearer/pizzly/run311-0,human,572
bearer/pizzly/run311-0,human,571
kotlin-orm/ktorm/run444-1,human,779
kotlin-orm/ktorm/run444-1,human,771
kotlin-orm/ktorm/run444-1,human,770
kotlin-orm/ktorm/run444-1,human,769
kotlin-orm/ktorm/run444-1,human,768
kotlin-orm/ktorm/run444-1,human,767
kotlin-orm/ktorm/run444-1,human,762
kotlin-orm/ktorm/run444-1,human,761
kotlin-orm/ktorm/run444-1,human,760
kotlin-orm/ktorm/run444-1,human,759
kotlin-orm/ktorm/run444-1,human,758
kotlin-orm/ktorm/run444-1,human,757
kotlin-orm/ktorm/run444-1,human,756
kotlin-orm/ktorm/run444-1,human,755
kotlin-orm/ktorm/run444-1,human,754
kotlin-orm/ktorm/run444-1,human,753
kotlin-orm/ktorm/run444-1,human,752
kotlin-orm/ktorm/run444-1,human,751
kotlin-orm/ktorm/run444-1,human,750
kotlin-orm/ktorm/run444-1,human,749
kotlin-orm/ktorm/run444-1,human,748
kotlin-orm/ktorm/run444-1,human,747
kotlin-orm/ktorm/run444-1,human,746
kotlin-orm/ktorm/run444-1,human,745
kotlin-orm/ktorm/run444-1,human,744
kotlin-orm/ktorm/run444-1,human,743
kotlin-orm/ktorm/run444-1,human,742
kotlin-orm/ktorm/run444-1,human,741
kotlin-orm/ktorm/run444-1,human,740
kotlin-orm/ktorm/run444-1,human,739
kotlin-orm/ktorm/run444-1,human,738
kotlin-orm/ktorm/run444-1,human,737
kotlin-orm/ktorm/run444-1,human,736
kotlin-orm/ktorm/run444-1,human,735
kotlin-orm/ktorm/run444-1,human,734
kotlin-orm/ktorm/run444-1,human,733
kotlin-orm/ktorm/run444-1,human,732
kotlin-orm/ktorm/run444-1,human,731
kotlin-orm/ktorm/run444-1,human,730
kotlin-orm/ktorm/run444-1,human,729
kotlin-orm/ktorm/run444-1,human,728
kotlin-orm/ktorm/run444-1,human,727
kotlin-orm/ktorm/run444-1,human,726
kotlin-orm/ktorm/run444-1,human,725
kotlin-orm/ktorm/run444-1,human,724
kotlin-orm/ktorm/run444-1,human,723
kotlin-orm/ktorm/run444-1,human,722
kotlin-orm/ktorm/run444-1,human,721
kotlin-orm/ktorm/run444-1,human,720
kotlin-orm/ktorm/run444-1,human,719
kotlin-orm/ktorm/run444-1,human,718
kotlin-orm/ktorm/run444-1,human,717
kotlin-orm/ktorm/run444-1,human,716
kotlin-orm/ktorm/run444-1,human,715
kotlin-orm/ktorm/run444-1,human,714
kotlin-orm/ktorm/run444-1,human,713
kotlin-orm/ktorm/run444-1,human,712
kotlin-orm/ktorm/run444-1,human,711
kotlin-orm/ktorm/run444-1,human,710
kotlin-orm/ktorm/run444-1,human,709
kotlin-orm/ktorm/run444-1,human,708
kotlin-orm/ktorm/run444-1,human,707
kotlin-orm/ktorm/run444-1,human,706
kotlin-orm/ktorm/run444-1,human,705
kotlin-orm/ktorm/run444-1,human,704
kotlin-orm/ktorm/run444-1,human,703
kotlin-orm/ktorm/run444-1,human,702
box/box-windows-sdk-v2/run201-0,human,913
box/box-windows-sdk-v2/run201-0,human,912
box/box-windows-sdk-v2/run201-0,human,905
box/box-windows-sdk-v2/run201-0,human,904
box/box-windows-sdk-v2/run201-0,human,903
box/box-windows-sdk-v2/run201-0,human,902
box/box-windows-sdk-v2/run201-0,human,901
box/box-windows-sdk-v2/run201-0,human,900
box/box-windows-sdk-v2/run201-0,human,899
box/box-windows-sdk-v2/run201-0,human,898
box/box-windows-sdk-v2/run201-0,human,897
box/box-windows-sdk-v2/run201-0,human,896
box/box-windows-sdk-v2/run201-0,human,895
gamestonkterminal/gamestonkterminal/run251-0,human,65
gamestonkterminal/gamestonkterminal/run251-0,human,64
gamestonkterminal/gamestonkterminal/run251-0,human,63
gamestonkterminal/gamestonkterminal/run251-0,human,62
gamestonkterminal/gamestonkterminal/run251-0,human,61
gamestonkterminal/gamestonkterminal/run251-0,human,60
gamestonkterminal/gamestonkterminal/run251-0,human,59
gamestonkterminal/gamestonkterminal/run251-0,human,58
gamestonkterminal/gamestonkterminal/run251-0,human,57
gamestonkterminal/gamestonkterminal/run251-0,human,56
gamestonkterminal/gamestonkterminal/run251-0,human,55
gamestonkterminal/gamestonkterminal/run251-0,human,54
gamestonkterminal/gamestonkterminal/run251-0,human,52
gamestonkterminal/gamestonkterminal/run251-0,human,50
gamestonkterminal/gamestonkterminal/run251-0,human,49
npm/pacote/run798-7,human,636
npm/pacote/run798-7,human,634
npm/pacote/run798-7,human,633
npm/pacote/run798-7,human,632
npm/pacote/run798-7,human,631
npm/pacote/run798-7,human,630
npm/pacote/run798-7,human,629
npm/pacote/run798-7,human,628
npm/pacote/run798-7,human,627
npm/pacote/run798-7,human,626
npm/pacote/run798-7,human,625
npm/pacote/run798-7,human,624
icinga/icingaweb2/run3163-5,human,767
icinga/icingaweb2/run3163-5,human,766
icinga/icingaweb2/run3163-5,human,765
icinga/icingaweb2/run3163-5,human,764
icinga/icingaweb2/run3163-5,human,763
icinga/icingaweb2/run3163-5,human,762
icinga/icingaweb2/run3163-5,human,761
icinga/icingaweb2/run3163-5,human,760
icinga/icingaweb2/run3163-5,human,759
icinga/icingaweb2/run3163-5,human,758
icinga/icingaweb2/run3163-5,human,757
icinga/icingaweb2/run3163-5,human,756
nextcloud/appstore/run5003-0,human,907
nextcloud/appstore/run5003-0,human,906
mainmatter/ember-cookies/run2420-7,human,277
mainmatter/ember-cookies/run2420-7,human,276
mainmatter/ember-cookies/run2420-7,human,275
mainmatter/ember-cookies/run2420-7,human,274
mainmatter/ember-cookies/run2420-7,human,273
mainmatter/ember-cookies/run2420-7,human,272
mainmatter/ember-cookies/run2420-7,human,271
mainmatter/ember-cookies/run2420-7,human,270
mainmatter/ember-cookies/run2420-7,human,269
mainmatter/ember-cookies/run2420-7,human,268
mainmatter/ember-cookies/run2420-7,human,267
mainmatter/ember-cookies/run2420-7,human,266
mainmatter/ember-cookies/run2420-7,human,265
mainmatter/ember-cookies/run2420-7,human,264
mainmatter/ember-cookies/run2420-7,human,263
mainmatter/ember-cookies/run2420-7,human,262
mainmatter/ember-cookies/run2420-7,human,261
mainmatter/ember-cookies/run2420-7,human,260
mainmatter/ember-cookies/run2420-7,human,259
mainmatter/ember-cookies/run2420-7,human,258
mainmatter/ember-cookies/run2420-7,human,257
mainmatter/ember-cookies/run2420-7,human,256
mainmatter/ember-cookies/run2420-7,human,255
mainmatter/ember-cookies/run2420-7,human,254
mainmatter/ember-cookies/run2420-7,human,253
defer-run/defer.client/run328-2,human,321
defer-run/defer.client/run328-2,human,320
defer-run/defer.client/run328-2,human,319
defer-run/defer.client/run328-2,human,318
defer-run/defer.client/run328-2,human,317
defer-run/defer.client/run328-2,human,316
ogen-go/ogen/run3474-3,human,279
ogen-go/ogen/run3474-3,human,278
ogen-go/ogen/run3474-3,human,256
ogen-go/ogen/run3474-3,human,255
ogen-go/ogen/run3474-3,human,254
ogen-go/ogen/run3474-3,human,253
ogen-go/ogen/run3474-3,human,252
ogen-go/ogen/run3474-3,human,251
ogen-go/ogen/run3474-3,human,250
ogen-go/ogen/run3474-3,human,249
ogen-go/ogen/run3474-3,human,248
ogen-go/ogen/run3474-3,human,247
dygmalab/bazecor/run181-0,human,568
dygmalab/bazecor/run181-0,human,567
dygmalab/bazecor/run181-0,human,566
dygmalab/bazecor/run181-0,human,565
dygmalab/bazecor/run181-0,human,564
dygmalab/bazecor/run181-0,human,563
dygmalab/bazecor/run181-0,human,562
dygmalab/bazecor/run181-0,human,561
dygmalab/bazecor/run181-0,human,560
dygmalab/bazecor/run181-0,human,559
dygmalab/bazecor/run181-0,human,558
dygmalab/bazecor/run181-0,human,557
dygmalab/bazecor/run181-0,human,556
dygmalab/bazecor/run181-0,human,555
dygmalab/bazecor/run181-0,human,554
dygmalab/bazecor/run181-0,human,553
dygmalab/bazecor/run181-0,human,552
dygmalab/bazecor/run181-0,human,551
rbusarow/modulecheck/run3329-1,human,308
rbusarow/modulecheck/run3329-1,human,304
rbusarow/modulecheck/run3329-1,human,303
rbusarow/modulecheck/run3329-1,human,302
rbusarow/modulecheck/run3329-1,human,301
rbusarow/modulecheck/run3329-1,human,300
rbusarow/modulecheck/run3329-1,human,299
rbusarow/modulecheck/run3329-1,human,298
rbusarow/modulecheck/run3329-1,human,297
rbusarow/modulecheck/run3329-1,human,296
rbusarow/modulecheck/run3329-1,human,295
rbusarow/modulecheck/run3329-1,human,294
sycamore-rs/sycamore/run430-0,human,502
sycamore-rs/sycamore/run430-0,human,503
sycamore-rs/sycamore/run430-0,human,504
sycamore-rs/sycamore/run430-0,human,505
sycamore-rs/sycamore/run430-0,human,506
sycamore-rs/sycamore/run430-0,human,507
sycamore-rs/sycamore/run430-0,human,508
sycamore-rs/sycamore/run430-0,human,509
sycamore-rs/sycamore/run430-0,human,510
sycamore-rs/sycamore/run430-0,human,511
cmyui/gulag/run58-0,human,214
cmyui/gulag/run58-0,human,213
cmyui/gulag/run58-0,human,216
python-attrs/attrs/run713-0,human,274
python-attrs/attrs/run713-0,human,273
python-attrs/attrs/run713-0,human,272
python-attrs/attrs/run713-0,human,271
python-attrs/attrs/run713-0,human,270
python-attrs/attrs/run713-0,human,269
python-attrs/attrs/run713-0,human,268
python-attrs/attrs/run713-0,human,267
python-attrs/attrs/run713-0,human,266
python-attrs/attrs/run713-0,human,265
python-attrs/attrs/run713-0,human,264
python-attrs/attrs/run713-0,human,263
python-attrs/attrs/run713-0,human,262
python-attrs/attrs/run713-0,human,261
python-attrs/attrs/run713-0,human,260
python-attrs/attrs/run713-0,human,259
python-attrs/attrs/run713-0,human,258
python-attrs/attrs/run713-0,human,257
python-attrs/attrs/run713-0,human,256
python-attrs/attrs/run713-0,human,255
python-attrs/attrs/run713-0,human,254
python-attrs/attrs/run713-0,human,253
python-attrs/attrs/run713-0,human,252
python-attrs/attrs/run713-0,human,251
python-attrs/attrs/run713-0,human,250
python-attrs/attrs/run713-0,human,249
python-attrs/attrs/run713-0,human,248
python-attrs/attrs/run713-0,human,247
python-attrs/attrs/run713-0,human,246
python-attrs/attrs/run713-0,human,245
python-attrs/attrs/run713-0,human,244
python-attrs/attrs/run713-0,human,243
python-attrs/attrs/run713-0,human,242
python-attrs/attrs/run713-0,human,241
python-attrs/attrs/run713-0,human,240
python-attrs/attrs/run713-0,human,239
python-attrs/attrs/run713-0,human,238
python-attrs/attrs/run713-0,human,237
python-attrs/attrs/run713-0,human,236
python-attrs/attrs/run713-0,human,235
python-attrs/attrs/run713-0,human,234
python-attrs/attrs/run713-0,human,233
python-attrs/attrs/run713-0,human,232
python-attrs/attrs/run713-0,human,231
whiskeysockets/baileys/run61-0,human,686
whiskeysockets/baileys/run61-0,human,685
whiskeysockets/baileys/run61-0,human,684
whiskeysockets/baileys/run61-0,human,683
illacloud/illa/run24-0,human,662
illacloud/illa/run24-0,human,661
illacloud/illa/run24-0,human,659
illacloud/illa/run24-0,human,658
illacloud/illa/run24-0,human,657
illacloud/illa/run24-0,human,656
illacloud/illa/run24-0,human,655
nats-io/natscli/run2128-0,human,0
nats-io/natscli/run2128-0,human,631
nats-io/natscli/run2128-0,human,630
nats-io/natscli/run2128-0,human,629
nats-io/natscli/run2128-0,human,628
nats-io/natscli/run2128-0,human,627
epicserve/django-base-site/run893-0,human,154
epicserve/django-base-site/run893-0,human,153
epicserve/django-base-site/run893-0,human,152
marhkb/telegrand/run2758-0,human,267
marhkb/telegrand/run2758-0,human,266
marhkb/telegrand/run2758-0,human,265
marhkb/telegrand/run2758-0,human,264
marhkb/telegrand/run2758-0,human,263
marhkb/telegrand/run2758-0,human,262
marhkb/telegrand/run2758-0,human,261
marhkb/telegrand/run2758-0,human,260
marhkb/telegrand/run2758-0,human,259
marhkb/telegrand/run2758-0,human,258
marhkb/telegrand/run2758-0,human,257
marhkb/telegrand/run2758-0,human,256
netlify/next-runtime/run4356-7,human,850
netlify/next-runtime/run4356-7,human,848
leosuncin/nest-auth-example/run10696-0,human,150
leosuncin/nest-auth-example/run10696-0,human,149
leosuncin/nest-auth-example/run10696-0,human,148
leosuncin/nest-auth-example/run10696-0,human,147
leosuncin/nest-auth-example/run10696-0,human,146
leosuncin/nest-auth-example/run10696-0,human,145
leosuncin/nest-auth-example/run10696-0,human,144
leosuncin/nest-auth-example/run10696-0,human,143
leosuncin/nest-auth-example/run10696-0,human,142
leosuncin/nest-auth-example/run10696-0,human,141
leosuncin/nest-auth-example/run10696-0,human,140
leosuncin/nest-auth-example/run10696-0,human,139
leosuncin/nest-auth-example/run10696-0,human,138
leosuncin/nest-auth-example/run10696-0,human,137
leosuncin/nest-auth-example/run10696-0,human,136
leosuncin/nest-auth-example/run10696-0,human,135
leosuncin/nest-auth-example/run10696-0,human,134
leosuncin/nest-auth-example/run10696-0,human,133
leosuncin/nest-auth-example/run10696-0,human,132
leosuncin/nest-auth-example/run10696-0,human,131
leosuncin/nest-auth-example/run10696-0,human,130
leosuncin/nest-auth-example/run10696-0,human,129
leosuncin/nest-auth-example/run10696-0,human,128
leosuncin/nest-auth-example/run10696-0,human,127
leosuncin/nest-auth-example/run10696-0,human,126
leosuncin/nest-auth-example/run10696-0,human,125
leosuncin/nest-auth-example/run10696-0,human,124
leosuncin/nest-auth-example/run10696-0,human,123
leosuncin/nest-auth-example/run10696-0,human,122
leosuncin/nest-auth-example/run10696-0,human,121
leosuncin/nest-auth-example/run10696-0,human,120
leosuncin/nest-auth-example/run10696-0,human,119
leosuncin/nest-auth-example/run10696-0,human,118
leosuncin/nest-auth-example/run10696-0,human,117
leosuncin/nest-auth-example/run10696-0,human,116
grafana/agent/run374-0,human,216
grafana/agent/run374-0,human,215
grafana/agent/run374-0,human,214
grafana/agent/run374-0,human,213
grafana/agent/run374-0,human,212
grafana/agent/run374-0,human,211
grafana/agent/run374-0,human,210
grafana/agent/run374-0,human,209
grafana/agent/run374-0,human,208
grafana/agent/run374-0,human,207
grafana/agent/run374-0,human,206
grafana/agent/run374-0,human,205
grafana/agent/run374-0,human,204
grafana/agent/run374-0,human,203
grafana/agent/run374-0,human,202
grafana/agent/run374-0,human,201
grafana/agent/run374-0,human,200
grafana/agent/run374-0,human,199
grafana/agent/run374-0,human,198
grafana/agent/run374-0,human,197
grafana/agent/run374-0,human,196
k8up-io/k8up/run2607-0,human,641
k8up-io/k8up/run2607-0,human,640
k8up-io/k8up/run2607-0,human,637
k8up-io/k8up/run2607-0,human,636
k8up-io/k8up/run2607-0,human,635
k8up-io/k8up/run2607-0,human,634
k8up-io/k8up/run2607-0,human,633
k8up-io/k8up/run2607-0,human,632
k8up-io/k8up/run2607-0,human,631
k8up-io/k8up/run2607-0,human,630
k8up-io/k8up/run2607-0,human,628
k8up-io/k8up/run2607-0,human,625
k8up-io/k8up/run2607-0,human,624
k8up-io/k8up/run2607-0,human,623
k8up-io/k8up/run2607-0,human,622
k8up-io/k8up/run2607-0,human,621
k8up-io/k8up/run2607-0,human,620
k8up-io/k8up/run2607-0,human,619
k8up-io/k8up/run2607-0,human,618
MilanCommunity/Milan/run23-0,human,816
MilanCommunity/Milan/run23-0,human,815
MilanCommunity/Milan/run23-0,human,809
MilanCommunity/Milan/run23-0,human,807
MilanCommunity/Milan/run23-0,human,806
thanos-io/thanos/run12640-0,human,643
thanos-io/thanos/run12640-0,human,642
thanos-io/thanos/run12640-0,human,641
thanos-io/thanos/run12640-0,human,640
thanos-io/thanos/run12640-0,human,639
thanos-io/thanos/run12640-0,human,638
thanos-io/thanos/run12640-0,human,637
thanos-io/thanos/run12640-0,human,636
lingui/js-lingui/run1883-0,human,46
lingui/js-lingui/run1883-0,human,47
lingui/js-lingui/run1883-0,human,48
lingui/js-lingui/run1883-0,human,49
lingui/js-lingui/run1883-0,human,50
lingui/js-lingui/run1883-0,human,51
lingui/js-lingui/run1883-0,human,52
lingui/js-lingui/run1883-0,human,53
lingui/js-lingui/run1883-0,human,54
lingui/js-lingui/run1883-0,human,55
lingui/js-lingui/run1883-0,human,56
lingui/js-lingui/run1883-0,human,57
lingui/js-lingui/run1883-0,human,58
home-assistant/supervisor/run6122-3,human,190
home-assistant/supervisor/run6122-3,human,187
home-assistant/supervisor/run6122-3,human,186
dfinity/examples/run2583-0,human,959
dfinity/examples/run2583-0,human,958
gfx-rs/naga/run926-2,human,515
gfx-rs/naga/run926-2,human,514
gfx-rs/naga/run926-2,human,513
gfx-rs/naga/run926-2,human,512
gfx-rs/naga/run926-2,human,511
aiven/pghoard/run840-0,human,881
aiven/pghoard/run840-0,human,880
aiven/pghoard/run840-0,human,879
aiven/pghoard/run840-0,human,878
aiven/pghoard/run840-0,human,877
aiven/pghoard/run840-0,human,876
aiven/pghoard/run840-0,human,875
aiven/pghoard/run840-0,human,874
aiven/pghoard/run840-0,human,873
aiven/pghoard/run840-0,human,872
aiven/pghoard/run840-0,human,871
aiven/pghoard/run840-0,human,870
aiven/pghoard/run840-0,human,855
aiven/pghoard/run840-0,human,856
aiogram/aiogram/run886-0,human,305
aiogram/aiogram/run886-0,human,304
aiogram/aiogram/run886-0,human,319
aiogram/aiogram/run886-0,human,320
aiogram/aiogram/run886-0,human,324
aiogram/aiogram/run886-0,human,325
aiogram/aiogram/run886-0,human,326
aiogram/aiogram/run886-0,human,327
aiogram/aiogram/run886-0,human,328
aiogram/aiogram/run886-0,human,329
aiogram/aiogram/run886-0,human,330
nwtgck/piping-server-rust/run1665-2,human,231
nwtgck/piping-server-rust/run1665-2,human,230
nwtgck/piping-server-rust/run1665-2,human,229
nwtgck/piping-server-rust/run1665-2,human,228
nwtgck/piping-server-rust/run1665-2,human,227
kristerkari/stylelint-scss/run1123-0,human,700
kristerkari/stylelint-scss/run1123-0,human,699
kristerkari/stylelint-scss/run1123-0,human,698
kristerkari/stylelint-scss/run1123-0,human,697
kristerkari/stylelint-scss/run1123-0,human,696
kristerkari/stylelint-scss/run1123-0,human,695
kristerkari/stylelint-scss/run1123-0,human,694
kristerkari/stylelint-scss/run1123-0,human,693
kristerkari/stylelint-scss/run1123-0,human,692
kristerkari/stylelint-scss/run1123-0,human,691
kristerkari/stylelint-scss/run1123-0,human,685
kristerkari/stylelint-scss/run1123-0,human,684
kristerkari/stylelint-scss/run1123-0,human,683
kristerkari/stylelint-scss/run1123-0,human,682
kristerkari/stylelint-scss/run1123-0,human,681
kristerkari/stylelint-scss/run1123-0,human,680
kristerkari/stylelint-scss/run1123-0,human,679
kristerkari/stylelint-scss/run1123-0,human,678
kristerkari/stylelint-scss/run1123-0,human,677
kristerkari/stylelint-scss/run1123-0,human,676
kristerkari/stylelint-scss/run1123-0,human,675
kristerkari/stylelint-scss/run1123-0,human,674
kristerkari/stylelint-scss/run1123-0,human,673
kristerkari/stylelint-scss/run1123-0,human,672
kristerkari/stylelint-scss/run1123-0,human,671
kristerkari/stylelint-scss/run1123-0,human,670
kristerkari/stylelint-scss/run1123-0,human,669
kristerkari/stylelint-scss/run1123-0,human,668
kristerkari/stylelint-scss/run1123-0,human,667
kristerkari/stylelint-scss/run1123-0,human,666
kristerkari/stylelint-scss/run1123-0,human,665
kristerkari/stylelint-scss/run1123-0,human,664
kristerkari/stylelint-scss/run1123-0,human,663
kristerkari/stylelint-scss/run1123-0,human,662
kristerkari/stylelint-scss/run1123-0,human,661
kristerkari/stylelint-scss/run1123-0,human,660
kristerkari/stylelint-scss/run1123-0,human,659
kristerkari/stylelint-scss/run1123-0,human,658
kristerkari/stylelint-scss/run1123-0,human,657
kristerkari/stylelint-scss/run1123-0,human,656
kristerkari/stylelint-scss/run1123-0,human,655
kristerkari/stylelint-scss/run1123-0,human,654
kristerkari/stylelint-scss/run1123-0,human,615
kristerkari/stylelint-scss/run1123-0,human,614
kristerkari/stylelint-scss/run1123-0,human,613
kristerkari/stylelint-scss/run1123-0,human,612
kristerkari/stylelint-scss/run1123-0,human,611
kristerkari/stylelint-scss/run1123-0,human,610
kristerkari/stylelint-scss/run1123-0,human,609
kristerkari/stylelint-scss/run1123-0,human,608
kristerkari/stylelint-scss/run1123-0,human,607
kristerkari/stylelint-scss/run1123-0,human,606
kristerkari/stylelint-scss/run1123-0,human,605
kristerkari/stylelint-scss/run1123-0,human,604
kristerkari/stylelint-scss/run1123-0,human,603
kristerkari/stylelint-scss/run1123-0,human,602
kristerkari/stylelint-scss/run1123-0,human,601
kristerkari/stylelint-scss/run1123-0,human,600
kristerkari/stylelint-scss/run1123-0,human,599
kristerkari/stylelint-scss/run1123-0,human,598
kristerkari/stylelint-scss/run1123-0,human,597
kristerkari/stylelint-scss/run1123-0,human,596
kristerkari/stylelint-scss/run1123-0,human,595
kristerkari/stylelint-scss/run1123-0,human,594
kristerkari/stylelint-scss/run1123-0,human,593
kristerkari/stylelint-scss/run1123-0,human,592
kristerkari/stylelint-scss/run1123-0,human,591
kristerkari/stylelint-scss/run1123-0,human,590
kristerkari/stylelint-scss/run1123-0,human,589
kristerkari/stylelint-scss/run1123-0,human,588
kristerkari/stylelint-scss/run1123-0,human,587
kristerkari/stylelint-scss/run1123-0,human,586
kristerkari/stylelint-scss/run1123-0,human,585
canonical/pylxd/run37-0,human,562
canonical/pylxd/run37-0,human,561
canonical/pylxd/run37-0,human,560
canonical/pylxd/run37-0,human,559
canonical/pylxd/run37-0,human,558
canonical/pylxd/run37-0,human,557
canonical/pylxd/run37-0,human,556
canonical/pylxd/run37-0,human,555
canonical/pylxd/run37-0,human,554
canonical/pylxd/run37-0,human,497
canonical/pylxd/run37-0,human,496
canonical/pylxd/run37-0,human,495
canonical/pylxd/run37-0,human,494
canonical/pylxd/run37-0,human,493
canonical/pylxd/run37-0,human,492
canonical/pylxd/run37-0,human,491
canonical/pylxd/run37-0,human,490
canonical/pylxd/run37-0,human,489
canonical/pylxd/run37-0,human,488
canonical/pylxd/run37-0,human,487
canonical/pylxd/run37-0,human,486
canonical/pylxd/run37-0,human,485
canonical/pylxd/run37-0,human,484
canonical/pylxd/run37-0,human,483
canonical/pylxd/run37-0,human,482
canonical/pylxd/run37-0,human,481
canonical/pylxd/run37-0,human,480
canonical/pylxd/run37-0,human,479
canonical/pylxd/run37-0,human,478
canonical/pylxd/run37-0,human,477
canonical/pylxd/run37-0,human,476
canonical/pylxd/run37-0,human,475
canonical/pylxd/run37-0,human,474
canonical/pylxd/run37-0,human,473
canonical/pylxd/run37-0,human,472
canonical/pylxd/run37-0,human,471
canonical/pylxd/run37-0,human,470
canonical/pylxd/run37-0,human,469
canonical/pylxd/run37-0,human,468
canonical/pylxd/run37-0,human,467
canonical/pylxd/run37-0,human,466
canonical/pylxd/run37-0,human,465
canonical/pylxd/run37-0,human,464
canonical/pylxd/run37-0,human,463
canonical/pylxd/run37-0,human,462
canonical/pylxd/run37-0,human,461
canonical/pylxd/run37-0,human,460
canonical/pylxd/run37-0,human,459
canonical/pylxd/run37-0,human,458
canonical/pylxd/run37-0,human,457
canonical/pylxd/run37-0,human,456
canonical/pylxd/run37-0,human,455
canonical/pylxd/run37-0,human,454
canonical/pylxd/run37-0,human,453
canonical/pylxd/run37-0,human,452
canonical/pylxd/run37-0,human,451
canonical/pylxd/run37-0,human,450
canonical/pylxd/run37-0,human,449
canonical/pylxd/run37-0,human,448
canonical/pylxd/run37-0,human,447
canonical/pylxd/run37-0,human,446
canonical/pylxd/run37-0,human,445
canonical/pylxd/run37-0,human,444
canonical/pylxd/run37-0,human,443
canonical/pylxd/run37-0,human,442
canonical/pylxd/run37-0,human,441
canonical/pylxd/run37-0,human,440
canonical/pylxd/run37-0,human,439
canonical/pylxd/run37-0,human,438
canonical/pylxd/run37-0,human,437
canonical/pylxd/run37-0,human,436
canonical/pylxd/run37-0,human,435
canonical/pylxd/run37-0,human,434
canonical/pylxd/run37-0,human,433
canonical/pylxd/run37-0,human,432
canonical/pylxd/run37-0,human,431
canonical/pylxd/run37-0,human,430
canonical/pylxd/run37-0,human,429
canonical/pylxd/run37-0,human,428
canonical/pylxd/run37-0,human,427
canonical/pylxd/run37-0,human,426
canonical/pylxd/run37-0,human,425
canonical/pylxd/run37-0,human,424
canonical/pylxd/run37-0,human,423
canonical/pylxd/run37-0,human,422
canonical/pylxd/run37-0,human,421
canonical/pylxd/run37-0,human,420
canonical/pylxd/run37-0,human,419
canonical/pylxd/run37-0,human,418
canonical/pylxd/run37-0,human,417
canonical/pylxd/run37-0,human,416
canonical/pylxd/run37-0,human,415
canonical/pylxd/run37-0,human,414
canonical/pylxd/run37-0,human,413
canonical/pylxd/run37-0,human,412
canonical/pylxd/run37-0,human,411
canonical/pylxd/run37-0,human,410
canonical/pylxd/run37-0,human,409
canonical/pylxd/run37-0,human,408
canonical/pylxd/run37-0,human,407
canonical/pylxd/run37-0,human,406
canonical/pylxd/run37-0,human,405
canonical/pylxd/run37-0,human,404
canonical/pylxd/run37-0,human,403
canonical/pylxd/run37-0,human,402
canonical/pylxd/run37-0,human,401
canonical/pylxd/run37-0,human,400
canonical/pylxd/run37-0,human,399
canonical/pylxd/run37-0,human,398
canonical/pylxd/run37-0,human,397
canonical/pylxd/run37-0,human,396
canonical/pylxd/run37-0,human,395
canonical/pylxd/run37-0,human,394
canonical/pylxd/run37-0,human,393
canonical/pylxd/run37-0,human,392
canonical/pylxd/run37-0,human,391
canonical/pylxd/run37-0,human,390
canonical/pylxd/run37-0,human,389
canonical/pylxd/run37-0,human,388
canonical/pylxd/run37-0,human,387
canonical/pylxd/run37-0,human,386
canonical/pylxd/run37-0,human,385
canonical/pylxd/run37-0,human,384
canonical/pylxd/run37-0,human,383
canonical/pylxd/run37-0,human,382
canonical/pylxd/run37-0,human,381
canonical/pylxd/run37-0,human,380
canonical/pylxd/run37-0,human,379
canonical/pylxd/run37-0,human,378
canonical/pylxd/run37-0,human,377
canonical/pylxd/run37-0,human,376
canonical/pylxd/run37-0,human,375
canonical/pylxd/run37-0,human,374
canonical/pylxd/run37-0,human,373
canonical/pylxd/run37-0,human,372
canonical/pylxd/run37-0,human,371
canonical/pylxd/run37-0,human,370
canonical/pylxd/run37-0,human,369
canonical/pylxd/run37-0,human,368
canonical/pylxd/run37-0,human,367
canonical/pylxd/run37-0,human,366
canonical/pylxd/run37-0,human,365
canonical/pylxd/run37-0,human,364
canonical/pylxd/run37-0,human,363
canonical/pylxd/run37-0,human,362
canonical/pylxd/run37-0,human,361
canonical/pylxd/run37-0,human,360
canonical/pylxd/run37-0,human,359
canonical/pylxd/run37-0,human,358
canonical/pylxd/run37-0,human,357
canonical/pylxd/run37-0,human,356
canonical/pylxd/run37-0,human,355
canonical/pylxd/run37-0,human,354
canonical/pylxd/run37-0,human,353
canonical/pylxd/run37-0,human,352
canonical/pylxd/run37-0,human,351
canonical/pylxd/run37-0,human,350
canonical/pylxd/run37-0,human,349
canonical/pylxd/run37-0,human,348
canonical/pylxd/run37-0,human,347
canonical/pylxd/run37-0,human,346
canonical/pylxd/run37-0,human,345
canonical/pylxd/run37-0,human,344
canonical/pylxd/run37-0,human,343
canonical/pylxd/run37-0,human,342
canonical/pylxd/run37-0,human,341
canonical/pylxd/run37-0,human,340
canonical/pylxd/run37-0,human,339
canonical/pylxd/run37-0,human,330
canonical/pylxd/run37-0,human,331
canonical/pylxd/run37-0,human,332
canonical/pylxd/run37-0,human,333
canonical/pylxd/run37-0,human,334
canonical/pylxd/run37-0,human,335
canonical/pylxd/run37-0,human,336
canonical/pylxd/run37-0,human,337
canonical/pylxd/run37-0,human,338
sfu-db/connector-x/run293-0,human,278
sfu-db/connector-x/run293-0,human,279
npm/hosted-git-info/run312-12,human,395
npm/hosted-git-info/run312-12,human,394
npm/hosted-git-info/run312-12,human,393
npm/hosted-git-info/run312-12,human,392
npm/hosted-git-info/run312-12,human,391
npm/hosted-git-info/run312-12,human,390
npm/hosted-git-info/run312-12,human,389
npm/hosted-git-info/run312-12,human,388
npm/hosted-git-info/run312-12,human,387
npm/hosted-git-info/run312-12,human,386
npm/hosted-git-info/run312-12,human,385
npm/hosted-git-info/run312-12,human,397
hirosystems/wallet/run9194-1,human,237
hirosystems/wallet/run9194-1,human,236
hirosystems/wallet/run9194-1,human,235
hirosystems/wallet/run9194-1,human,234
hirosystems/wallet/run9194-1,human,233
hirosystems/wallet/run9194-1,human,232
typestrong/ts-loader/run3190-8,human,553
typestrong/ts-loader/run3190-8,human,552
typestrong/ts-loader/run3190-8,human,551
typestrong/ts-loader/run3190-8,human,550
typestrong/ts-loader/run3190-8,human,549
typestrong/ts-loader/run3190-8,human,548
typestrong/ts-loader/run3190-8,human,547
nodejs/node-gyp/run450-1,human,349
nodejs/node-gyp/run450-1,human,348
nodejs/node-gyp/run450-1,human,347
nodejs/node-gyp/run450-1,human,346
nodejs/node-gyp/run450-1,human,345
nodejs/node-gyp/run450-1,human,344
nodejs/node-gyp/run450-1,human,343
nodejs/node-gyp/run450-1,human,294
nodejs/node-gyp/run450-1,human,293
nodejs/node-gyp/run450-1,human,292
nodejs/node-gyp/run450-1,human,291
nodejs/node-gyp/run450-1,human,290
nodejs/node-gyp/run450-1,human,289
nodejs/node-gyp/run450-1,human,288
nodejs/node-gyp/run450-1,human,287
nodejs/node-gyp/run450-1,human,286
nodejs/node-gyp/run450-1,human,285
nodejs/node-gyp/run450-1,human,284
nodejs/node-gyp/run450-1,human,235
nodejs/node-gyp/run450-1,human,234
nodejs/node-gyp/run450-1,human,233
nodejs/node-gyp/run450-1,human,232
nodejs/node-gyp/run450-1,human,231
nodejs/node-gyp/run450-1,human,126
nodejs/node-gyp/run450-1,human,125
nodejs/node-gyp/run450-1,human,124
nodejs/node-gyp/run450-1,human,123
microsoft/powerplatform-actions/run230-0,human,711
microsoft/powerplatform-actions/run230-0,human,710
microsoft/powerplatform-actions/run230-0,human,709
microsoft/powerplatform-actions/run230-0,human,708
microsoft/powerplatform-actions/run230-0,human,707
microsoft/powerplatform-actions/run230-0,human,706
microsoft/powerplatform-actions/run230-0,human,705
microsoft/powerplatform-actions/run230-0,human,704
microsoft/powerplatform-actions/run230-0,human,703
microsoft/powerplatform-actions/run230-0,human,702
microsoft/powerplatform-actions/run230-0,human,701
microsoft/powerplatform-actions/run230-0,human,700
microsoft/powerplatform-actions/run230-0,human,699
microsoft/powerplatform-actions/run230-0,human,698
microsoft/powerplatform-actions/run230-0,human,697
iqlusioninc/crates/run707-1,human,508
iqlusioninc/crates/run707-1,human,507
rerun-io/egui_tiles/run91-0,human,228
rerun-io/egui_tiles/run91-0,human,227
rerun-io/egui_tiles/run91-0,human,226
rerun-io/egui_tiles/run91-0,human,225
rerun-io/egui_tiles/run91-0,human,224
rerun-io/egui_tiles/run91-0,human,223
rerun-io/egui_tiles/run91-0,human,222
rerun-io/egui_tiles/run91-0,human,221
rerun-io/egui_tiles/run91-0,human,220
jeremy-rifkin/libassert/run48-0,human,673
jeremy-rifkin/libassert/run48-0,human,672
jeremy-rifkin/libassert/run48-0,human,671
jeremy-rifkin/libassert/run48-0,human,670
jeremy-rifkin/libassert/run48-0,human,669
jeremy-rifkin/libassert/run48-0,human,668
jeremy-rifkin/libassert/run48-0,human,667
jeremy-rifkin/libassert/run48-0,human,666
jeremy-rifkin/libassert/run48-0,human,665
aslemammad/tinypool/run220-5,human,548
aslemammad/tinypool/run220-5,human,547
aslemammad/tinypool/run220-5,human,527
aslemammad/tinypool/run220-5,human,526
aslemammad/tinypool/run220-5,human,525
aslemammad/tinypool/run220-5,human,524
aslemammad/tinypool/run220-5,human,523
aslemammad/tinypool/run220-5,human,522
aslemammad/tinypool/run220-5,human,521
aslemammad/tinypool/run220-5,human,520
aslemammad/tinypool/run220-5,human,519
aslemammad/tinypool/run220-5,human,518
aslemammad/tinypool/run220-5,human,517
aslemammad/tinypool/run220-5,human,516
aslemammad/tinypool/run220-5,human,515
aslemammad/tinypool/run220-5,human,514
aslemammad/tinypool/run220-5,human,513
aslemammad/tinypool/run220-5,human,512
aslemammad/tinypool/run220-5,human,511
aslemammad/tinypool/run220-5,human,510
aslemammad/tinypool/run220-5,human,509
aslemammad/tinypool/run220-5,human,508
aslemammad/tinypool/run220-5,human,507
aslemammad/tinypool/run220-5,human,506
aslemammad/tinypool/run220-5,human,505
aslemammad/tinypool/run220-5,human,504
aslemammad/tinypool/run220-5,human,503
aslemammad/tinypool/run220-5,human,502
aslemammad/tinypool/run220-5,human,501
aslemammad/tinypool/run220-5,human,500
aslemammad/tinypool/run220-5,human,499
aslemammad/tinypool/run220-5,human,498
aslemammad/tinypool/run220-5,human,497
aslemammad/tinypool/run220-5,human,496
aslemammad/tinypool/run220-5,human,495
aslemammad/tinypool/run220-5,human,494
aslemammad/tinypool/run220-5,human,493
aslemammad/tinypool/run220-5,human,492
aslemammad/tinypool/run220-5,human,491
aslemammad/tinypool/run220-5,human,490
aslemammad/tinypool/run220-5,human,489
aslemammad/tinypool/run220-5,human,488
aslemammad/tinypool/run220-5,human,487
aslemammad/tinypool/run220-5,human,486
aslemammad/tinypool/run220-5,human,485
aslemammad/tinypool/run220-5,human,484
aslemammad/tinypool/run220-5,human,483
aslemammad/tinypool/run220-5,human,482
aslemammad/tinypool/run220-5,human,481
aslemammad/tinypool/run220-5,human,480
aslemammad/tinypool/run220-5,human,479
aslemammad/tinypool/run220-5,human,478
aslemammad/tinypool/run220-5,human,477
aslemammad/tinypool/run220-5,human,476
aslemammad/tinypool/run220-5,human,475
microsoft/verona/run36-1,human,665
microsoft/verona/run36-1,human,664
microsoft/verona/run36-1,human,663
microsoft/verona/run36-1,human,662
microsoft/verona/run36-1,human,661
microsoft/verona/run36-1,human,660
microsoft/verona/run36-1,human,657
microsoft/verona/run36-1,human,656
microsoft/verona/run36-1,human,655
microsoft/verona/run36-1,human,654
microsoft/verona/run36-1,human,653
microsoft/verona/run36-1,human,652
microsoft/verona/run36-1,human,651
microsoft/verona/run36-1,human,650
microsoft/verona/run36-1,human,649
microsoft/verona/run36-1,human,648
microsoft/verona/run36-1,human,647
microsoft/verona/run36-1,human,646
microsoft/verona/run36-1,human,645
microsoft/verona/run36-1,human,644
microsoft/verona/run36-1,human,643
microsoft/verona/run36-1,human,642
microsoft/verona/run36-1,human,641
microsoft/verona/run36-1,human,640
microsoft/verona/run36-1,human,639
